
    CREATE DATABASE IF NOT EXISTS book_shop
    CHARACTER SET = utf8;
    USE book_shop;

    DROP TABLE IF EXISTS app_user;
    DROP TABLE IF EXISTS author;
    DROP TABLE IF EXISTS book;
    DROP TABLE IF EXISTS book_author;
    DROP TABLE IF EXISTS book_order;
    DROP TABLE IF EXISTS image;
    DROP TABLE IF EXISTS item;
    DROP TABLE IF EXISTS order_item;

    CREATE TABLE  app_user
    (
      id INT NOT NULL AUTO_INCREMENT,
      first_name varchar(50) NOT NULL,
      last_name varchar(50) NOT NULL,
      email varchar(50) NOT NULL,
      password varchar(60) NOT NULL,
      role varchar(50) NOT NULL,
      active smallint NOT NULL,
      address varchar(255)  NULL,
      phone_number varchar(50)  NULL,
      PRIMARY KEY (id)
    );

  INSERT INTO app_user (id, first_name, last_name, email, password, role, active, address, phone_number) VALUES
    (1, 'John', 'Harrison', 'admin@gmail.com', '$2a$10$o8RmVDQIZNSOTPix0u1MrO4myfWKPkiCwkLMSZrl.uQRfKj71uZY6', 'ADMIN', 1, NULL, NULL),
    (2, 'Maria', 'Costner', 'manager@gmail.com', '$2a$10$o8RmVDQIZNSOTPix0u1MrO4myfWKPkiCwkLMSZrl.uQRfKj71uZY6', 'MANAGER', 1, NULL, NULL),
    (3, 'Kevin', 'Travolta', 'user@gmail.com', '$2a$10$o8RmVDQIZNSOTPix0u1MrO4myfWKPkiCwkLMSZrl.uQRfKj71uZY6', 'USER', 1, NULL, NULL);



      CREATE TABLE author (
      id INT NOT NULL AUTO_INCREMENT,
      name varchar(50) NOT NULL,
      birth_year INT  NULL,
      death_year INT  NULL,
      active smallint NOT NULL,
      PRIMARY KEY (id)
    );

    INSERT INTO author (id, name, birth_year, death_year, active) VALUES
    (1, 'Stieg Larsson', 1954, 2004, 1),
    (2, 'Nicholas Sparks', 1965, NULL, 1),
    (3, 'Gillian Flynn', 1971, NULL, 1);


   CREATE TABLE book (
  id INT NOT NULL AUTO_INCREMENT,
  title varchar(50) NOT NULL,
  category varchar(50) NOT NULL,
  price decimal(38,2) NOT NULL,
  description text NOT NULL,
  active smallint NOT NULL,
  PRIMARY KEY (id)
);

INSERT INTO book (id, title, category, price, description, active) VALUES
(1, 'The Girl with the Dragon Tattoo', 'DETECTIVE', 12.00, 'Harriet Vanger, a scion of one of Sweden’s wealthiest families disappeared over forty years ago. All these years later, her aged uncle continues to seek the truth. He hires Mikael Blomkvist, a crusading journalist recently trapped by a libel conviction, to investigate. He is aided by the pierced and tattooed punk prodigy Lisbeth Salander. Together they tap into a vein of unfathomable iniquity and astonishing corruption.', 1),

(2, 'The Notebook', 'ROMANCE', 31.00, 'Set amid the austere beauty of the North Carolina coast begins the story of Noah Calhoun, a rural Southerner recently returned from the Second World War. Noah is restoring a plantation home to its former glory, and he is haunted by images of the beautiful girl he met fourteen years earlier, a girl he loved like no other. Unable to find her, yet unwilling to forget the summer they spent together, Noah is content to live with only memories...until she unexpectedly returns to his town to see him once again. Like a puzzle within a puzzle, the story of Noah and Allie is just the beginning. As it unfolds, their tale miraculously becomes something different, with much higher stakes. The result is a deeply moving portrait of love itself, the tender moments and the fundamental changes that affect us all. It is a story of miracles and emotions that will stay with you forever.', 1),

(3, 'Gone Girl', 'THRILLER', 21.00, 'These are the questions Nick Dunne finds himself asking on the morning of his fifth wedding anniversary when his wife Amy suddenly disappears.', 1);

     CREATE TABLE book_author (
      book_id INT NOT NULL,
      author_id INT NOT NULL
    );

    INSERT INTO book_author (book_id, author_id) VALUES
    (1, 1),
    (2, 2),
    (3, 3);

     CREATE TABLE book_order (
    id INT NOT NULL AUTO_INCREMENT,
    order_date_time datetime(6) DEFAULT NULL,
    total_amount decimal(19,2) DEFAULT NULL,
    users_id INT NOT NULL,
    PRIMARY KEY (id)
    );

   INSERT INTO book_order (id, order_date_time, total_amount, users_id) VALUES
    (1, '2023-06-09 15:43:09.000000', 55.00, 3),
    (2, '2023-06-09 15:49:32.000000', 21.00, 3),
    (3, '2023-06-09 17:27:10.000000', 52.00, 3);

     CREATE TABLE item (
      id INT NOT NULL AUTO_INCREMENT,
      price decimal(19,2) DEFAULT NULL,
      quantity INT NOT NULL,
      book_id INT NOT NULL,
      PRIMARY KEY (id)
    );


    INSERT INTO item (id, price, quantity, book_id) VALUES
    (1, 24.00, 2, 1),
    (2, 31.00, 1, 2),
    (3, 21.00, 1, 3);

    CREATE TABLE order_item (
      order_id INT NOT NULL,
      item_id INT NOT NULL
    );

    INSERT INTO order_item (order_id, item_id) VALUES
    (1, 1),
    (1, 2),
    (2, 3),
    (3, 2),
    (3, 3);


    CREATE TABLE image (
       id INT NOT NULL AUTO_INCREMENT,
        bytes blob  NULL,
        content_type varchar(60) NULL,
        name varchar(50)  NULL,
        original_file_name varchar(50) NULL,
        size bigint(20) NULL,
        book_id INT NOT NULL,
        PRIMARY KEY (id)
    );

    INSERT INTO image (id, bytes, content_type, name, original_file_name, size, book_id) VALUES
    (1, 0x89504e470d0a1a0a0000000d49484452000000b5000001170803000000dc2ef5ca000001aa504c5445f2ff33000000000005000006f1ff31f3fe35000009f4ff32f1fe34f8ff3700000efcff34ffff35f8ff33f0ff35f3ff300000100a0000c4d424fd0017ff1e16f67a25999c1eff0812bdbd27969e1af4fb37ffff325d5f13191503fb3017f90c17f79924505511c2cc27d7db304a4e0ff7e230f0ec35fa862afd91276c7610fd5c1ce8f035acb525f6b7281315003b4000f6d32e4a470fd1d52d8b8d216d6f103e410bdce82e151b00fd6b20abaf1f302f0cc1c629f4b42a686c18fe00203a3c0e7a861bf6c72fe5ff34fe4d22ffff48f5ea32f6dc2feefc42ecf241f9a22ef4201a282400fd0000fd3c1ef8732a979b2c000e03292d00b5c323f9c32cf0972defd73df0bf3efb0029f87316f82806fc821ff88b2cee4c21f83325fc4c12f0e13d8c9236312c1ad2d8454f60172f37183d36178ea71fcde32bf4a93d7f7322b8b5270015006a671e2e39085a620085841f615c2aa9a52a66700f362b1f726d00f9c41eeb5c25ec2b28fea241f1b438e2c62efda91eecc748f9502f202600484e00000020261e043d3900ed82354b4a20201512465219484400525e203844183126005f5700202a007e9118d0ac84ec0000200049444154789cedbd8b5f1b47b22fae194daba735d33d3292116a090d7a201e236c59420342484242d208d9d8184c6c4c6ce23c76b3398959fbfe76f726bed759e724d9dd730ffff3af6a841dec60c7710ce79ccf271d6298f7776aaaabbe55fd0a047e2fbf97dfcbefe5f7f27b39df429fffa19d7e5c7f65fb35a79d6bd125d5023a111a21420a93e8580813bad4756ee946409ab09f1802f71b94eb9248389311214840324ac87f056a4d1352722e25d18429840800b8408010a27329840760356e728dfba801aa69e83a9c273963709610f4bf04b52e594074846052ea1627d42f56805b008c806c19bc55470aa6e3fe0011a423a46e2603f082826b96d4ff6b14c69ade985fdf5cfe8068acb3736b6a546ecdde2a71f1c1ecc66cdb92a4308bbbfc9f59694aa179bbb7e6f7f62e7e203b849d3f6a12a0e4ebbddbc358ec76f44e818bbb5128712876343e6b79d7a376739fcacec15e73b43bdabc36e042631b6938c58ec7ee1604b3ce1b3405a5684763b161d48e0d6fdf959dd966cc1ec6ec58cc4e373702fac5782cba41755a48c746050e83fecb6f9ab1a10dff0de3fb9a77eea859c7f4e6ed617ceffa87b7d3437b579b1da6f7d2f006f02bf6e465d4cd7b69287be95e572bccc35b6e2edf6fdab1bd12e1e70c9a104d3b00e5b0773bbdfb20df59ab70707070dd8ed9fb07d37d495e96757bba373d7d50ea68bc6f83767c430bf3b7af35a7c8abe6fccc8bce44bb398c2f1ba6f641336acf7b8258dadd66ac392b34c15f461d9f969a3028986e06d7c4d2ccf35687b1e67ce7bc51532e8cb6bd677f0896add79e9e7618f70c31737baf3905a65b7b1975b3d0459b0db54f5b88c6ec0f894676e343fbfe732f4375eba417d50316567676bc41e1908646127ec379047fe3d914bf7800cfd4fdf37ee6884f294cd74aa019c39e0e2e86f8268c8a99b81d9f15961ca1b6a7746921ea688f81f12060d705a2deec107e70ad69df1ff8a82d5dca2ebc88949a432d70b0445249895574a8b47c77aa75a50c100e7f8243b308414bcfa9216197d4a99486f438856bbc5f444d3a5cce831a2f3b525aa67712357d1575bc270c013bc1b920ea75f0a44ea95f2a099fc61069b9ae5b701d99236ece959ec5070339482965c037705d69382e1c7473d475730ecdb9c4c9b903c73588eb50d82c4827072064cef96593041e996ed8c366fcaef4cc8e7823ea580fb4a62b9226f13564ddf24c4d82531de9b5459cc683a5cadc783d2f561e4cba523a9962d1fd48c951cbaa3d5859937f7af0acb8bd72a9d858b95a495c7af0c7dab367956cab4be76e186efee9d58f330faa452bff43e617510bca845500610f9bf38e90c61b513737d737d7f756c1a11fa30617292c6a257dcb67c107cfaf253fa9d43fed28631eb1ac6c63ad6838911cd5d9a3544e711a471efdec0fdbe3567e4dbbb09dd8bef1d0e3c52dc61b1563d02a4aebd3622295bdf0c745e71765cde1938b83343896e87a5f036ef406d4602fc0de7d0eac70a4d75ac12b1440a462f4d52cc65387ddcc9f122d4d29e684e5a4be5a4a99ae9223848e67bef837f9e561cea87ce57493a935f3cb3c31123fe624a2fe72cd745b895cf2abc478de0916d95b923156da6c02a8748f4810bef55a0d89c5edd8b5cfe14db5516ddc9f9f5f9f5f5ef7c808b5341f1e9a29f5524b2a6a834896285ef998bbca98d4f8b81279687ca97ce6e8a9a7b964e6c8743fcbcb44e487ecc42437fe8ca8435f1a97236ad12c2ae36fe7b43442f5f938f89a7bd35037c182bf067574f9cef2f2f24e9208cb472d96c1ad0fe371ea2ba2a579145067c6eb9f0a2597b4bab9959652e9ba8acb3d3ede90c1f2e371d3c891c643f3934396335b478f1adde41797e00b5592b9cfb25db355cbd70d37abb8f49710fbc5f2b8791dc9c8b2e468235e83da3e10609c04c60f231b326fa3eb1f121f35586bfecf8f923f56ea372db538e6702b557ce8988e92b324bf91190bb98f0f5daf9a7874d9fca462ac14e71613993fe68a5b63eee3b92c68882b3f2d1efda9fe20ab8cbd9db009c42f9d5bf1612cbeca3debb5a8a3d360784d136c5cc047ddf9e0c92ca84d548e344458ec30919cabd51f0eaaad1fea841d6e572873ff23272d56fb6ae5881f7ef62c91bdf9bfeae6e31b6671e9fb5c71e5eae2f6cad5b91b2b3f141b0f26b30f27eaa9c1ff1799fb65510ba1e916186049d975f0e3d73562e8af455d901d6109dd109d1dd4100bbc0c54d1b8ee3f06aa32388fae84b8cdd4a5030e06dc0913e86bc0e7c021896e08228f24fc4d0c3ceec059e8711c7030d2e11efc6d6992ff226ab8c81a9476a6fa926bbb20379b0a88ba5e87ba97ec1816b01083fc0578c87a8775a681d3c675f4c8a3c84083704ef3e3cee3cde7457f5170b7f662a7d05f2e6f1749433035034cfff38e27a6ef0fedb8106f9075cfd4e1ab8094c45fa280da12b4ff0aea91c26179e5392fa17ebeefe4ee9f1d7d5381a875353ab4e7699783d58e21ea3778f48e2534ce3a529600755a78b21dc76bf49751ff8ac79f7cafb73f55e81ddadf03316ec8838ba0abcb2025fe5ad44fda0b0b3bed85698d4fe31b6ee8bd79b03c3f43fdf6457bc7cc0a07fb71d1b631700433667fcdb0b2cdd8b1e86c2000445ac0ab34a7a03e1586187c41e818b5a3b73c0a8ccb4e0f315283ab080dbc136aede5f22baed435addb87f80f3ddfd05e2e300134f02ef0eb5b0191f400b57dcd9e02ce5a18eedd1e058e7bf686e58976bce96f0dd7218e7ce5a16fde7ce34bbc256a029e911d40fc079a109bf218a7c090efd8f1e8be2778877597ed78739f486d3a76ad89217a1c42f529ae1b9df66634da8c0e1776e2d1f3cf87109d6a5473fecffec599d50330c69483f4a7bf29b5fb4924eba2df2eb5a735a6917669b78405b72d8398f4e0ebbb1737a689576a7be79e7b2298d503429f948c03f384fa4ffdc0905153eb50084dbaa26b4ae6c7222654553c089e0982128d6b1a1760503879c5d4bd79f30d50deeebc0046bb6835b8ec74c072130e9531a00baeeb9a00e85c524bd320fc85d801775038d7827711e0bf7406bf7562740884511a5ca6f10e0d68502da88675934bcbd209ece3f004011f1024227490037cdb0edc8659fec91adc186e0f7b2dd433cd221d4dfc1ab1bf281deda0dfdf8548d20f543549f4dd52bf5f92befa5afdfef4f4c1c1748174a40e8e184c8ed75f9d9a6a17e0534148a913a7fdf9ec4609c2470bdd38f7a65767a7160eb809fe5a58bbfd835dd63135be3bdd9fd64d39dd2fed825b27dc2bb437a656fbe0f6cd7752386e7af7afc5e34f04f76142fddc8d47e3f16b1ff877db8dc69b366eaedf82e0951b5e677a1deb6934bd2124e8576735ed6ffeb5af4bc1bbdaee5f6d3fcd76dd13c464720f8eb54987f563f1f845c1c532dc6a41124ffcef3d4cc845e70bef98ca823a09d638ba0a3a8b9b44b776e3c047a39ffb5f6e3a86e4144aacb9dc931dab8004cab79cf105d031b1d144337e2f16df1b806a04fa9b714c01c4ee35e725072ab587a9166a8803bb6943a84aafdbb6dd868a358b44192c7073bec7de4d434c6b7e98b617083d66a0f4eb611a22b4659ff6f66da479e06c6cbb7991124fbb7e3b1db3a3f0d0bf7dd893dc8dfd2d16bb16bd0d30674185e4f5dbc36113ecaa1d6b6e80ab95e97bb1e19e07660aeeb20f1a73319e8eb7cd4e69782f863e2c368c6e048c77014d74018e3abec0343eda24779ab1dbb1e1875079f4c034a04eeff417eea06c7639e9a3a8570bdf808b8f7edeb1fe77fcda707d574e456d08e834ebc0868f3025fb33b0b97900416a1a084c742720802c462f324d4c7d388cef0a6da619b3e7fbbd7db8f9e6e09d3404a041d01e5d10d4ff54c412ebb118262c7b82e93a68486cb327acdea68d3a6194ec617c9e6872033cd31da1efc3e3573b503340be7fa19d1dd08ff59e10bd28c0efc3bdd24802ee0ada8327dc151a951bd1f9ae00958cc57684d51d36ed6ba577468db23e46cd0430a7f875201c254c774d832ea40b52f3aec3739f08d606ce75d1e3467f7f63b5a4e977417d4a429aabb34fbe2e48b11007cd9240d140456225b08a7ed07cafa701eae64588d9e0f54a606937412c7d66e953b35faf3aef94a2fd19ea12e0fb203d8caf128d1da3368980afd99c12c63720bb4dcf02821bb09814b320fa0d83080fa8a325c92aa0be03518c86223e463d8cdd5e18c99a116fb57937e999621eb47ab5a3834dd29890ef05f54273af79701fc8ab8490c147dd33887517843cd5317b9bb1a6bdc13c8d796032b45510ea66af9bd4212a06a60ba881fd82158ffd246ba807f36c1a51773addd9bd690ebef6161cdf1b183af86021de2e447f336a22a69ab161e18e0d8cb06310785c6cb30021e032a0de105ded0e54bcf837668049ae13eb00cc9cbd5ee8783af8988ebe8a9c1d488288be400d7fec0d7b3d7b0f6a230480e0ac98aeed0eedb4fdd71e17d4d0e4fb402dc8b26ddf97b3713b5de8e8b46fa3303bfa379bb17bd11df024bb6082edf42a5013f08cdc437b1dffb0efb75d8286f89106a322ee6b8840d4ebf7a142c0cbdb17037424572ae42c5c062e86098fbf170dd10af7ede65db11187088c7508d86b3bb6bf31b317b59b9b05cfeac80fe2986fdb90962735f02317a37b433bd6ee742dd13d15f5f2463376bf3f3c891a42f6f926e8cce62ec50cdefb400d116df449a70da877a4a6fba8ed28b623d93b1d2e4c9d3db187b763d1ebd212929a82fa19297b55333b967e2aea1e7c9c1df09e2f5043b0e739f3f0f2f1e1071c3ed97b402d766c3bbea0f7a2b1e814387bfcb450a1d2f0ff2ad479a83dbcf0811d1fa6a3fba0a0401e49ef3aba96bd1d20e5a7ca7a1eecdc70397d42d61a3018d9bb1e87bbeeed52e39dd8d3aba837c09d952801db74a7931420eb58fafe3c3c74281844f41228a2d60702358ccf6a041812b86b88fac1501e70ef34d4b179b161fbc1db0bd4c00c21eeb5a69a43a8343dfe4ea1d109d4783dbd0edc69a154da1cc6ee3b14f405501f0c2e8296f4a1c241ac07f199ecdf6f0e639bd344671d70a0c6e75843af036b3d461dd07f421d9fc73615cc18fda421024c35d1bbf036c3f8bef8ad5ec627ea7f45456ea278d27d21d05e6ff6e493783a3a453936b16047005988c686cd29694803fb33684fc0e2c4a7d969a8ed798111be7d42afc18e9aa05a42dbc7fdd3bfb53622eade3d9f6adae9a11ddde90446f61a50dab10f0b16041e4ea1e4704f03dfdddceb585ea1df87e0de5b4692274e47dded3cc1caf1136acb729ce93eb13c6bd34edf5e7867d4f64fa84b489e818a82ce21ef40d4e91e27f7e1771b02b5a9f5cde68e26cdfe2600d17b7f5dc72f3130d095cf3c474d4ea28ecd1b9ddecba8b5defdf5e17c81387c36ba77fbc9bba10e80ac87c0f91885a04a5f80cab8bfd0ded948234b1ba12e18620a1e0b3484cdc0ebec5b5dabb009ee4d03a275cf3ed02478f661745fe33e6a8cbcd037ee06740b514358ba0ca8a33fc97a700de86fdf90da2d60ed4fde053446a028eb8d5eafd03be8c1ebdbf13e7005201cf17522473c84813d8cd9f729d33e4085ef77b4293085f3425cb4fd6ae8cc0faf0d573b029c492cfd8d692ec4d3f67a0ff0216ac0fac446cef742d63eb19d91c2a7bfffe7dd986a00500f9bf73637f736efdd1920f59de6bac09c5edc93c8afd305a2399bc89885e9816d19ee5d5cb6efed4537b858b08173debf7b1fd46ad8eb7a047b43a4efde41a2773d495ea0ee81bd3f6143c8d74d0c96eeeec155e903f39d842d74448a346808d4e79a1d5b2fa033b908a80fd848d610032e43e4b8011f666788e1d6ed58ac09344206ae83b5f91b865de0e33523f041fc76dabe7d7b2fd68cf785fe1c35d19661c74f1ac206e050637f6bde8bddb617b477e22114640d6a186dc6ed667cb907f139d82aae5bfbd12828fb34fc9bee1120a110acaf735d1a9f0fe318eb0ee70f8c8ea617806b61b3c7dec50e1844d199da8b0ff762763cbdd3816a6e41c4b30ea8e902dcf6ce73d4810e99f60505dabe41cdce2f43d42d9d9ccc7ae3167b32bb7f7766e6eefeeccceaf4ccfeec1389a8dbb3b3fb25313d0ba527052dc0effd5e5712d2de5f4fef5dffdce860872f26bf5ede1caecf943c9313707aa27df1ffc636ffef935dc641cde4d42cdc0d02d002fcb1c0f4e7f61a4cfec65fd3e9f5fd921ee0bfcc4380db72fe53325667945ab0077b36691a6786a649ec43a2591a034c5d24ed508806af061e86c1010acf712004b0b0b700bcb2c531b7a38f9a69a466c1d5e04408b67dc251d9ed627f3b8257036ff9a92761c04ffabc65452478f58b423845701e36356bbae7f72ea082314618f689eb602ece300ce04c1af8330e40fdde073ab0080fdb82344d8700165ed8ea02e3c79e7eb817136604bbbe806cfd12802b910a401073321f28fcf4fddb141091a39fc06d0d74e970cb23e6c0910605e2e3bc38e640383a923593cc606eb65ef61db8d5957200ef6a5984b1019e58003268711d1bd31da9174ce98d9a8e02849b06878a03f81870af9348808999e4ed1c8cc664ee6aab7a5c5a0d291aadea4acd92d6f683566bd11164fbd317472b12e2574afc342573175794c8a5eab80302b5883cfcaabaf288e9d46d61f95735b3f631e831d149aa556d152de9f75dd1f01ff87094eaa3fc297da96d096ad55bca9ac89ca22841f85f85724506328aaad438e1b55050c980c026c2a148108f2bcaa207711ec5763746b34a2802d78494862eb1ffca5c4855c64173dc905fc2a1b072282d426875743f5fd6800cf5c3efe3a8fdaccf25e550a9de0eb5c5ca4a480dc233d56050cd4b9a5115a5c62c5683a7a540d127106fe8183576a0f11fe05461970a572aca0d883e389983e3e306e12eec0d2bfe31a582fc3e8fa8df2907f646d4b9eff2f96a082067f2f945c932caaba843eaa5efafe4a18ca3f07ccace8a1155550e1f5d0e2ae19ba0b92750c3fed0da61231c5422932e68818ffa9d62aa3714a273ce9365f8d693a6c9bae434d4a02949130a23fa2899af9b0d90e69f93cc5b52c3ea84157819f54dd7347393700676f53813d468bb06838f43f0300b4c1565a769c88f8ea49473a87774d4112c790534fd0f5c1aa920627b05f5831ca3c914bc6de2b986bc6fd454d72c8b8f01d42d26758b1240add6c0b300ead0730dc9f80d33a01ca3eaa3036a78cd04b889c39012fc43e0650d519fe664c0585322ea1a63fa99a0f60b1b03d15d30c0a0016ab02835c641d6ca0b59672427161d75a8406fa69b57100b9546a29a6fd51879819a1da3d600b5aa006a72d6a8d9316aacf3dc98504fa2960c49c5cba8139c31cf7106f04a2fa1060db13ce3319c71c4cf5ed6cf510795b57abd5ef949af439727eaf5ecc471fe0d547b84fa1165483ea8a68b97657dd5658673331402b4e4dc50a3bb0985e0e739ea4838a282253beed8f393866072117409b9f74ba8978a63d93cb899c91cbce0f969083c113ca30a9a81a8e15858098642b9e71aa23fd7909c9b831fd7d25fd610d02df08e4a783109def0dc3404dd5e10fcf8b1acd50838bb70441963c7a89fcb3a07af06de31455ef532117ce5f01c91e7885a551f178bc53935a81e5bbe50eb51ad56ac39afa07ee42ea160c30da6bd6cf9e05e2ab0176c353d3fd48a523479172cdfb1bd061635481a06f0d6575003ef0245501aaf7af4a55af9c7a01ace25cf53d64ab8c629ada96af058437c7b0d87f463d4c77a5d93cea002dea6c15f96b5f234971c0f05d58a24e780fa8597016669f1135e46cd3b103b813fd72ccff2bb5801ea205a75731cce3a897a64f97224079e35e35078c53c7e3b6c4f0fbc2d0dfd75a881ea3c477d928780f0be75b04b8116f03449c908b51a04962165052e6c9ce021c7a835fd01d4e95cc047adaa45b0e901ef1d7a70bd156a7a1a6ab0d7f951144625f66147d4dd6fc17cd48865ac854e474d0f016c82eb3eea500d63518878ce157530437ca66a02bdd67d597717c1e22d1ad2acbe46d6be4bcd1b3e6a45fdc24c260dd378a7eccc2fa1364e43cd2694b0ba944961c9b8845a3e6aa308e62d9228a682eacba83196519fe534e62c29a1ad1c1dc9faf29778f9e1fbd5108b8dc107bf0076c2e26cc4f9281f593e49b7017d10c141714145fc47737725a462a0052e5369185c72401d4a7022dd5018381f93c065c3182f5a558cc680228025fa85dae88f8dfb15a80310bb86558378404633e01f6a101d40b41b4a399c1647912e16d5a56c14cc4809663c0c520ccd5d8a3c36a4aecd45c2ea3823961b0e2b4b65aeb16248097d2ba57525e25f1b0c8753ef79e09597bdd96a5525d3c08a34aa97576a92b2472badcf162184c9aeb49e97ab2e2123a30df5327be5921a5e49b0cacd358cccd656aa5f25a0c2b9d5562b9f03d439b86ec56132f5e2f2c55f1e51f2ab0aa703c771b9d429378130bb3a36c1b98ee3407ca6e3efe3a2778f0d01c6ea7aae3e913309ec96a02103c71d40302c2d67e00c18c8185c90e3c0f6e0c5d5835fa88de4b94cdeb26850c9b07faa260312b372c44fb2300b2a9f6e9117050ddf68a802f500a0e4f08f4e9065ebfa68dc0ed53420dc0c1364783a1cc296722c98eba127ba386b3fefa2fa6b3be5faf915dd1fff84051c8a4e343fe7867786278330316304649a718a9dc70c69318045b0c91ffe649c1b10eb33c6fc5418bc8fae31a9311c9c340a904db807c3c2716c2261d8e58c681ee75dbc0a1903dec3e00c4efb15c85f5b342213954ac585cfee252a47102d12923b5c5b2b8212ad1d1d251ce6565e94a384e489a34aa50c9f2e7b745441b3e2679d0695a3ca11fec0c143c98a95b54a915956eea3a3ca47a0882eee1f951bef05367cfd45306bdba01e4e2ba45ea04c6309a058e306cb82b7ffcc49667d033332152b5de319589d6d88258b60ef5adcf2b3e30177290cd62588492e45f120160e297326b1ea6015439e253101161adda5e5bd0f6fa44b5e54b622b5aec5dd0b60a31d204b105486b39c6561135187308e508388a925932b80244b8901b64ff91ebe902febdcd5c8f1bb8543618f43041f3a0425a96fa9ca25d995e54b21e0636a28120ab7f4f7216b4df23258f33983c82ce631b3a0835fc2134065b29160a8eac0eeadada00a8e4ad90213dd5d014bbe4d2c5604d17e9f24fe308340eeab7f53b6e0d594c8852d9435f8a84366d1fa56287cc9e1bc3ca94694c81614252fdfc7d054aa792e04dc97a526131110d6b8214153425781a3c05ba8971d0d8d2312db7cce75c111adc0495906b2865d578ce3943403d307f45599ac838d65be861c9a82d741f72ee98c9627e1983b700a6028dfcbf0761d3c21a61b58c0580cc1bde73873264711032af465274009f78387bca4e0c2c94fa855407deca4c1f67189a8731cac20688882a819a00e02ea00a0561482968abc1f16ae8311436e04cea40adf1c021be602fac409d482d0a28f9a53fd35a803d8f4e1a34643887afd5cd63fa1c624fdbb8ca338ad100d079f294a56caab4a50555b2edf0615ae9d441db046a829d54f6ac8cba803ce08b578136a21de0f6a1d7c411d02f571b3bc85344ff9d84cc033eb2fc9fab986e080c9116afa326af0a174841a39fa08b521f00e3fa1467313d07f1df37b6dc1962c54436302b86b4b09154dd0ef4b0e795e1b09a2c6aa07a875440d96621b2adfcbb206877e8c1a7405f55a9d0306333109a805d4c64b70cc19405d040af33e4007b093db2484e2745c0956c0e154921955b9cac87359f3575103a29bd56aeb29c496af47adaa4f5b9f555742889a20ea5018e8e2e56add782fc3dbb18ad006b839b7a1a88f12aa7a85801f4999fa73d43f9335f891bfa34709bf16355b039b8e6e07c28de7a8b125c78f46dfad17e22b055894668c2ba1c9dc778a52afabeaa4fb4c556e18c0a95e83dacff36176f30d1aa262b20d7dea09d4e1305c06f1cf7bb1d77a40631361d0d50b41c581276f6d5f00a26150fd75a843c1c8b78dc78d3c807a835e876f361a8f7f0cbf40ad841a501e66257f4fb13c6139e00960b4d5a47319347c2ba2e498f57a59ab2a5abedaeb65cd465e863cb77c23df2871f617fade626260f83795e053d0ed64f77138bc140aadb85ae0b57a7d6caf7f1975e0157b0d0105a5815f3522ec8da8791e1391e1b5a44c84313a4f61ff845f40fd06cb778c5a7fd5cb04dee7c440ba6e1c62ea5d291aace837f5ce6133deb1bdfeb9e55331d7fdeb5113a2915f995e787d2180da4f568209213c872d20ca0d4eb4d7eaf508357b1575e055d4864eb3afa07ebf3349614e09d8a90b51ee5204621420d92f6a23a582f2631e12782d0f79153590c79147572f09497ccba7490323d0b7eddaf2cb85828d56d5bc03a0ae44c0d6ba20ebe77acd34fd6d51075f455df7511344ad846b8f8a5872ef0b74803829cc9e421d340e514340175ea0e69608d097502ba7a226a7c8fa25d4c7d167f1bdf570208135b86105ee076082eab74c8ac0eb35e474d4a821ea09d4872f508f34c46f3c83ff8bef4d43a495c05cabe159bcec5724a9b111ea9b0eb57cd48a521da1c68ab50da8f18a96419f8f3d475943c9419441fc306371c4af150551fb3d64b0911050bf7bb48bd3bf483f81aa1389299641bd9e75980efbebf5ba8312b4a453cfd673d88f2c205dd85b267e06aa8c27108fe32e90acd4358b49cb031206b7c83af0a745dc896cdda51673b270d98030072f1a95acfb1b6274cba312bbc469f050e169161409e48f489d5b23af8bfd9db8944ce2ac3694e0dc03dcd2750b6815f68fc2ae7d14aeb034ecb18663ef31c9861da73c4c66f979341dd834e5d4b2d04c8f3253e4b7448e1ae6e58015600aab6b59c4d33d8269310244a17b1cfb13098f01a38b5d34002bf693639c75a5051fc4cf1c42f88adb9cc031cbdfe0d4eff105600dcdc347f89f52fac940cb2f6f3f0cf6940237191bcb4219cbb92819cd1ac87a395b2ec38e81311a8c0738c6ead9b12ce80b3c18c53996383cace5b00dc7ef18000a70e3f0b0e8e27b11e97c0c37e44467ced8d8988b537e603046e0e3a0ac03c7195044ffeea839fdf37127ad678d9ca14b46c69e67df5b377c61c3e35c20b091500dc7fe82b63a8ba3e31566114c71b3890718d4ab910ace6761f989b58145580d8cdc0d408db35e103f2e47bca36e60f0026fdb3dee54d8664a8170238cb53a524c128dffd18f4f422a007900e19da65bac0ec7434a856342c0905f614b4610b8d53f0192cec9b6e237aac38e86a49acca1146ac980814d98094ece6214fb316a25020146e819541a86b20e5eb8806152788d62af54bfc9490d3650624055c27064720be22865c200d4cea7803ab204cc3cac14b1f500fb1560936af16c51abd8bf655c09879447508dc660fbe644f68b54043bbd5958add6f01522556cfad5653e1252be74cb198c4aa4aeb36218f467c2cd55e10b650c440d675f72293f635907950437cc43f40880fe00b4e3000020004944415411641d5a015eaa63c4b76d607b46460d812bbe9443617bbe0f49b25c38185c713d02d7a9c154b22bb7f100a25615bf57c959a3c6e659c6eb91b0f28f81051a12024f680cf815f8e409036a929c0c299925259ca550a13c081383aeec6a212572c965b23b073b3e020d2f2b10acfbb20e06211c32ce14b5811a92603a43cd58717470e56175c52132d9808f50611c3b2828c14455098d772dc17c7f0d54565e804af7b1454cf4da1530e74801145faf7d979d3526c2e78a3aa8ac0c24878f100a8e83c3f1fb9fe5ae801a9be03147a8215818af542a0e798e9a9c40ad6223e5119b089d2bea50e48103aeaf05aa5204ff67545061338aba02646a84ba8053c4728e35f514d421b44a2d821d1bcf13b5dad2ad401d4c034ef345584a55969287982f671a45d45b397022d8891478c969a8d5d42525583f4bcb771a6a6572eef04ba882c11f1d60774e3ea85c49d642aa9ae598e74559336648a02bec540d51424779b047f57344cdf0e9103c06d11d7e4c41a4e5252578982c430d7bc4f5116a27bb9658bb71f4d11fd969a8a112839c5b09882bce1575c8ffff69d1c236e76c30a43e32dd908acc43fa1a5248c08b6126989faa21c1b9dc524849a9e78b5a0d5f5d018f9db770e4ab59047865c3590902cf78813aa860ce71dba2a7d990f0216f44825be7ab21aa5275ba55e0151f63d7663821b455ab17ab6af099638decb5534c352681716dcb53ed75f8d02cfa6f75d6a8c989daa886571c631c408d33e2c9e424383de021205dc5217464af215cb91a525ea3218a0a0127f2c033451d0c8d1bc89a1440edf961ee8a039ba1f055602192828aab3e06747818cb06959ce619cf54cc8730630ea37a936b658cbe11359cbcc6492388dd77cf52d6a104d85ff089a1aa14f418b55305142ef812d473a87a2115ec37506c2782f69ac8ee531f35edce8595c891241e5eaf700bf51a506347aab3d510500588b220f45053523f9635957e172716c0d49f7a08311ae63d1a269170380cac29a0fc843a3c97e45619e9ac619163593bd8da7496a8c3c104d53f5e01ca76c3243efb01f6e4872829a86de0cf4363a00934a2aa550859afaad85c6d1543a3963bcc4e0627079235408faae60bd4e6e259a2467e1d7c90bf3c190a2bc19cf11c35983c40730142da06a8840bb595ff2f25bce24ab6880d4299cc5618bb08006afc3691562a135483a1841920e065d435b8cf58f0fdd8eb57e66df3ff92c914f841151e00711f1830880ae043236a869d3813c9c165a0cbe06c889101175fef82930ca31443583fc738f8a14ac8ef3c01677f36003a950b86426bc0ca9d2abcee38ef9e81ac355d668e7baa28cf12b4ab63cf1335f4143bb6d7c21165051db4fa00a258d2fd13c4680966f1e224c40fe150a6a886b7310ba21f82b9811841a9624f30d0ef88b2e669d4baa184fe7e839fc5ccfbc0e8128b877387878795620efb8ce9d25d9c5bac385e40e6d616170f9d5c636ef106c1607c62ee70b1d82552e61a572fac541c6b7c71ccd22d005e5f5c999c4c253c9c8285bb70bf1aced7919b3b9cab1bf2b776b97965da47ff2f1ce6c00d288c512299e6492e4d6ef8b342339371d89f340c8b41702e258ed4b41cecd365243189c6701829280537e1883fdc930ac9bb49b88c505c198111f95bba54a072f9b3aa612ec547adfb5b014d0a6fd4958d60a730086d817d02a9b63ccb83e70ae9cf5f1da0384cd0ef08072c90605f3189c93338996998a4c1d41e2883e082e29c744417840f2c8e09b9dfd0442738a60721a635fc8e6d44a70c6211d8c2ec29c1d15f983284680b4466e07ed884d85083b8d0ccd5eb6e3729b16f9f06741b13a365c7c00e73efab6fcaeb0a9165df548cea5d1e1e9ff4f35e73c0ea2a60e2f06f74db95c5e7f9323029131067c91b97706b32016fa7795c1a980851c3a1549953fa5b328c6f85dafa6364d4250d815f01d41c73fd4ac6a17e58f8bc1cad8543a39130c170b00e9eaff1f76312b288438f399ff8014c4c185e69b26c05f86fc9d5fd72d102464e19756b43ece0e298b3854393aee624f751aba35ecc47c8e0b0511fdb4f260c7623b4150e8dda5112a023c0ae818dc097f97b24f8958343aacf14b526dd54a39141488d46634d9734abfa2d2465c98bb00705df6a3452c5046c2ca112c146b6ebb6826a28552c5e09297f7f0a7691017f0d2d1d16d7d033d624395b5943a18661fa7dddc14af100b687a2a22b4530617004ddf48da48915d4f0c79b14e1344ab1ffa1ea18c6c75b207017429b06360f41d504caa43638d3ce64acc9cbe5c5b88200480df4a2f534accc990c0c988fba0228b0ebad81e39d8b98ba66db007acbf488f323926bc29d6f156c72b3f823f89d42f67d5ea8c10104404381a0ce01b3c89bd8eef202354e177702751614fa6912021840add61973be05b5aa1b1aaf8176a798d4ce5a430227c770008e674125b106264d4a2df0126af1136a82a82f99441b5441b675ca1c347be8a56ba8efd8f07b7ea8d14bba60db6a35ec870a8f7e1d6ad41065c9d403051c7a94a51c512b597041351c84679c236a1c79420cc013acd7714011ceaa602efa21ab3ca1210c57e240bd5e32351d500741d623d4751e180dc43298388749785f68888e19475519b838608abdd0eb37a2564fa266cf519f3de89336c468c06399b31252e68007bd8dacd553657d9ea881a25d092a2d130c49b02ac9ff04d4be5ee7ae86954553ae85420aceb1f13f424308df066f3e2ead04b8bc320fbc4ed6c6e9a80df25f813a80ddd994d01604e7b02361fc4f408d1a62acf9e3ba7d4eba08d1c87f7fd4beac5b419c030579ab9a81a0e4357afddf04b5eacb3a40388423adb5b5c3b5abd8a9fdd4da08bc30606c0795d02508cb9daa8f1a7848080f617a2d84bef13ce64c47d42aa0d6a90ba27a6c702f9952d44b639218afa00662070116956318c8886e327721125273accbbf84ed4308dce79488d2e0449e8b471fc95af37b46ae812b370e9590bacdf557518f780895b2155622d55aa205a74d42f0cdc7c36a7072adb8869daa6bb85ec8f9a0562f301660e8cf8b0644ee3508bd6efc1c35ca3a40038c2594bf63976f881323092aa9d442116c5e8f40ec5875a8773efc1a2340ce02a401e1df18104d1cffa0660c44fdaa0d41d454eaa9514a4f0dcee1c842cabf50c238971284ce654ee4392c44a9b1b1ef5a9f7d2b99e534be6b7de7725d23b92badeffe2129abb45adf8db3d11a43b2f1dd77df4d702a28e66b123f8694603853948403112786dbb88a83050e5d2e30c523f84bd3146b96bf44a5384e6f09aa699c50a1f94397881ee868a3658cfc49d2de0e3695fe504f0b7e0f06a3492074fc0b73470efc62c7abf548dc87f3f9eb0ca70acb8de55ca74b7562581a3856e6e20e03575f63f0786ca5fee9115db04752c8e7737ef9236370cd4d4918113a35fc99dc340dff78eb9aec77c4b3b0af947e3c82828cba5251e2792ffa4ff92387a410e6688152830be69f257029b30066030d8b758569691d41754d9e9c950c4830ae126a1d0f4af7fb95f9f3f7e17a0680df90c753299ba4f3967582b05197b40065f87bf418ecdb06bb71b83f19e53f09e1346099c2c23501e0137b5233a8c5a986ebfbc0a7d571b13a81331d6a264af164b7646108d12bc8cef1fa839aa04c370b92f38ee032c03d6b74b280edb7ed6326718dbf51772fcc288ee4eaff85e2c67e6bda685f8011e7eefefefe0cfcbf3f3b335be8ecf81bb3b34fa625872a2bad9d8b3333abcce81cc0ee999fbe35759e2c7f787ffe627ba435dcf4beb9f8e1fafc54bbdbd10db27a71f6e2027ec1deccfeccc5de5bca1af3a996468ffbd71def2454c3b9b4e84feb63a0fa78b81e29aeba10b76fdb25be7f0d979c6936e3f6c5039de992dfb2ede875a189695c20053f91463561e9ed74b3b987ebe9fd3b2e8245e86039debcd61c46e3b31ed7fd89d497714daf36dc3b7d06792b99b6fde56886c3d8307610b8756d18f357321dc6e7b107a43615c7e95d2d1de76e1ea12696a0d3e9617ad88cc2a5d10d4d7698988d8ee6a38e4557a15a14e2c358baaff9eba7d9536760eb653adac4c5cbec58bc193bd0a7e2c3617a7d3dde04f04fa0ba058e518be9d873d46003d91482bc7f7d2f7a6fb837e024d08be1c27acb7bb8b7607914971a58052f978ed9b74b67805a93549bc6f9fb0f842858d65434766ddfebf4ae5f8bdd9e97a0f9a7a1d60af331dbdea0a27fdf8e351734433c690eed75cf3b00a5b1772c8fe3fa01f35ea764c762f3d61910463014b888921def09b06c7ccac6c9bc656717bef1665f7b815aff093598469cf435dee396b8381cda535417b3cdb47dd7e004d784d8d099747096e15e07a7f17da29fc542b860e31044b427c060935910da4cc714223adc1bf6a57e8aac01246e440bc293777176612ef4d928aed72ab4af9be9f84c2729281c68eef84b44f4e419e45204b3440117ddf0a7a9d64161a333608cad2854c81258a093b28e8e6a6340f4703263095ef42e7e1af0ea803a3aab0b6df51abcb44734dab66dfb6e01f46859d233411d10a3a5fa8e51c7e23360cabab864555f7f2d6a5cc42ff00a6aa0c68552bf34ad71d1198020d63fbf36842a7d164dd53f476def4bcbdbb916b3d77baf97f569a805f86e6175a4e7991d06d7c57009868230cec05e9f82faba67eece37edf832f0925f256b81bdf83b049bff581f27098e0def00cb3d07d460aff736873110757c21004ef957a0ee14f40ed4ee02381dc9e53ace8a8c33328b33e0e627516b01fdd635b0b8f86d9bb1a94e97ff3a0d594f6f4259c645492cb21105d775ff00dcfa192ca6fd8aac6fc54119afe1a244b39e6150f16b50735c7a7618bdcfc072d20e2e6d149f41ca78e6a8c5949d8ecd7fbe6f0fe3773afef225bf0235895db3c1cbfc15c8944e4c671eae6c53881bcec0cbfc0c752cbaef8101b7efe9386ee614d4f475a8adaf17f64199e71915c98e29e741d66d0ab6ff8cf5fad8cbdcf5a74b8fef789a7ca936fa4081db12ee7b99025080bbf02ab7b8a080da9ef5f4ce02aeab04f104ef10396f0fa36d086ece0335809cd1c46a137e4120f732eaf82804ea88c210f88794d498890ee3b7a808ccc60135d0970fa280da5f7f3c207115a2365e70c65e46f35147673476101fda9bb8b0eb2bb2c6f8840932dab03ada4c340d64cb007a1d8bef0b915cb54f417d06e5e7b206d45095a05a9528042d2febb5ef303432bd39b4e37d8bc965e4d140b8c1ccc5978103ce36cf0bb5f58aacc15c496da3198bded55f61aaf60296d55207f975f4faeec1062e5fd0271db600b530dd2eece04a732f50c39bb4cf2819abeb100d40bc14eda11cc55474d8bc1bf0ac923dbcb6ee585200fcd8452ac57413c39d28946b1b823d890eef81598fa2687165a4421ad741c5c53d6e5f9b1f2dc787b26e9e95acc1b6b21e445df1825f69a67cd72ca9876badb6a901421f362f76042fe0ba37fe3a32cd0da3e32d5fb3f7fc0509ec124976187d12bf1d4bef81334cff6d7d34844f2e43f52d9d116a8d52a3b71985a7fb39aa591b573434f40e2eb4352b899c82d0fc8e2e680994686863896f184297b8744cb4199dff3f1d8e2bb6cad5b40d84ebfec154f4fe68a1a402684874e7ac500b8dc876bbd41e75599c2e954ad382483edd6e7f53021ed46befb6fb3802b35d3a2e3bd3b80615e9ad6eac3e29791cec8aa159c298fe7ce3f305691e7cd31f052f14173d2d9c116a1cb5c685671da7e3a480ff34a99982e85c9a60454cdee9086289aec0552871be7f8de81d4c5742944b08a6a5a8dfa5ada3510eb65ca3a305c0e046a27b565d787096470b801fc7495c6338d39ac6304b2504a6ab0403eaa7691c4ff58b16202c400c4cfc8176581a475e870907ae6306931f778161d43a87be30bf97dfcb7fc78269544cf55a2460115c666634d1a2043f427180398e3ed72d7fb65a9c8c63b4d08ac4ecb0bf080b265f496034d9a387039e0394e29c8a1473e1ba7f039cbed9b2600fb0fe80857969e9f903a171d4ba4e34d883934442edc644b98e897bff11f20dc3bb29c79922a5dfdb89303a1a0dee3fd3ef164be828078cf66094de3e4ec2e31f94e20073782feaafaa61bd343f25aed98377c2094cfcf7c3c91a03f8c2a321e770813c3ef3f9339e6fd11767bc2ea0a1be9ca8ee0faf7e7eb5ff188aeb34c3b523a8be4874eb58c278051ef0ff46db8603e8a9ee8d2e6788133f222ee04247f7a3c712c0656f70d03c0a1327cf1cbdfff153a9ffadfc01e9d2ff799d86e04c033815268e7007995bfefa29018b6ad4bfa11e18ddd9c2fca244f1e0c4a3001e6f4a7174bfe56b952f434d1f7d041d558a8c1a1afc7f5172d8d4e70ffeb7f086b89434fce6c7970708cec34ffc855af07c9cf100deedb5b1239738772afc4371e2d3c1c07540664ce6068c48d7e1d8f845099c8083dc1d870d06ac8b678fdacbf0c7c5715538532a1ce3a303aec32ccd5fc3c06f57c3b94b5d07a70e293bb8e6502e67c053a5eec0f79038d3aa643873d968ce5500c0682e070291f0d4d7095bf3a7972dae3506956f0787dfb56edee0cc9273576f269285cbe366aada4a8d998bdf1aa0d8dee2a299c8cbfa55f7309fbbd26a5d4d54fe211f5dce49ab7815ee51be7c68a65278c5cd2f08310e5badfc76b7d66a551316cbb6162573f393f99c2133706fa3d82ae7f213dcfaf8325c591b5c69e5c657aaad6a0ac0a4c8e1cdab6b92271e5c4de16738cdbf5b6ee2c1a544399597732b4e63eb46a20e5a52540eff191205b5926cb58aa196998f24e173750f57ac8c92ab28c9c57021910f55c6e626cd712527696e7ca99518280df36ad5fcecd2782247249c53cc87e423f546239c3512ca52ce7ca8d496be840b128d0b6e4d39cc29138cbb8f7e9cac947321a55eaea8f944714d6d14b3cadc9a52cca98d1b38d42ca09fd2f75cca64e62691998c3c7ce600709c47c72caae589f098a354cccb19736e4b66b69238fb5a71d2b9a0d4bfbc996c6c99bcb254301a4f25a0c65105973349a6cc992bd56eeb3b13aaa334e642c9470aa073cb6ab1dba806b3c9ef9f2617afc8b5499950cac560c4dd2a1a524faedd1c181391a54ad2512b8651566ae617a1b18f951afc55985ce3a7a3263cf9ed534b66aab5cc4a616ea93641a5c78aa18fb9db2d8441d619337fc9f051132b7b291b546af9c7e6974b495659728dc6527151c951d295d5bc21954c1664ddbafa451d5e9dcd05cd84ea02f062b848aa6b6ad1fcfeabeea0905c7b261f05734545492c7d617162ccade492957f3dce98b94805e780a9256bca581d640da8971075e014d4baec5e79ca484a0d86570a8b8ab2e2822ad494c4d147ae13a9982d1c286866b60ca8cfc47dfa38df484d16cdc6bf495959cab1c5b0a244725c58cebf32860c8694502bd9529456d7ef53c21f2939ec1d9c29384bf5affe64e6abc5a30a3fbc5478a4e68a4f3f797a690217b69dbb99eb66d68a974861ab6279634a4dd622d972e40f80dff1519f5623094be69fb26e269f9bbb5a98bb3906068299c5c8d167a1ac13aa243fbb5c09bac93f2b265a30ebca56a3a8a859d6b82441435cd958ca55c239a97bbc9a615c6914565a66f5bb81cb3d999c53407bdc47c1845249d623e3d5ef9357fe351e99948797060925576cd542ca3676939e7beac84f1f1f45dc8252c1f5a36a6651192ba386245cd49053a768b624cf3c95a0d785b9ff28ccad140c60cabc1874eb6a1d6e936cfdd341595fc02ee3baf1a5b2e642bd3200353bba94e3734b723ce2723053d53cb3c2a0d72db3f599698047341715560bba8fc2b9465ed614555d32affca7d998646b934e2d9c2b5e2d286a11bb68afade472cf94b0522f848f9855566b662d34560e03ea47ceb3d7a196d2c83c10581be7ae3a7393b5e284e5f16de5c622dc463904bd4e3ebb6266c2db3517de2fa18e13a5ea180f7f90e6d1926b01ea44c865e09eaa1929c373dd67d564eb59b13816b0ba736a36a50ec6432e603cbce915436e4ac9b69ec98ab2fd186ae99233a77e0198f8da8a53070b72a9e6006a56568a465d3dbaa116ddadc562709c9f4e46404ef91f7499bf22e79eb98f152598e75cba1965f241dd4159e7cd35c5cdabd8fd6690cc06ebf2bb0c678d0b927db495eb3626d18648dd922b2983041be6ca57dd16f680f12c86031b8b464d01b356cbfcc32c2b5f8c2991ea0fd2590a878f786d3297855b826102618d87ca4e6bce552a5d7d2c54eb1aa9503823bb95a0b23420a7cb9af8f3bee8b81681667af037760401dcc4b33804a5a0a09ebf4e1cba6c425cd3c02943a8c74de119b09bea0e783e0f4f22827007fe7270f1394ea423a8a94bcfd03d7de071a36332cbe58ecea9eb24717035ce3d4434e6af4f07be12eee0588c38844bc375217e339d9cb45e831a69224e6d44fdf9fcfdf5a770ba6eec4884c4d5f259281207249c400f7042581d7706281251dc0c68dae830d677a4144028907604acd18e803f99116c415c0b2e16cff5992efed24664161f8e93c76a3e9b0b70782c5cc2de36af7ada2c73bf2ebbf96212c397a63f3f718fb7b89de603d1ded77c88bf97f755e8a9de33e0cf4bfaabeef20b7be8c93dda6beffd4b23f684a173a8cc1d4b08ce3c0156426a1a1382f2ce680ca301bed7840d2948124c8527454762086152a961d6091764147035d5ba526806d18460b82ab6ec24a980eb34697570fd710c99700df80ef5ba1c1e16c0b1925c1350213b01d231e0de4006c00c301180d3d99b149b1ab2d311c2e29219a4c339ef9896348569e22ada9d2473b04b992e4cad83f3a541d4608299486a0cdfc232a866e07c6c38b79ad5851b69c2f0cca491ec2489a9253b109a981d00deed1810a424859694f017a592c1f3348ff08e9634c06618262b080e9c065e4a970c88a4f4dedc10a6733e5d2af5fbb22f0bbb03b9db3f2841c09dececb67bdc1af4b9b9db9fee0af94d8f33de19b4a5b75b200707b22d65a9d091a5522fc08966f6a7fb6082db3db3430abb07f29b42a7b0cb774bd307466fb7df03aba715763b72d7e994fa7a49f60e764bfd4e498a0f7a42e3ceeef4411f8ff776a7a73977e0aa3e30c737a5df81179977ec7bf6663bd6eeef6d4cc762c3788108bab067aff7f9ad746f37164b2f0ffad756e14b58edf85f9cd81376efee42bc5f8aad8a193b367f9014d607b1f470fea0145fd5245f8d2d1736eff299fb3d3b1d4befdeb5f7ee4d191df197d8015c61de9fed474bd8ac315f8aeef4f6a604b376ecbdd835ef6e5a2ed8e9f4bec4b5d3d7079a7c136a5dd744e949f36ea91d6defc636dcf8c5769b0bc3b9ffd7767446bb152b94e21b5fc7570bf1d580487abde1ea74f3a268ae7ed0ecef36774af6add5e6e7012976e31b3bf1bb07d1054b7666ec7b85a9cd426c46837bed746687ede5668fd103bbdd8e4e15f0a2766f23b65f9ab6770af62ce1da37f6e73b3bdecc507b125db875add4b66fedb4411bdfb85430d422d20321edc4dbbde66a2ffeb926a86e15d62fb2ebb362d606d425333ad58bae0a26b8bc3fb5135f2e5ceb2f44a74bcdbfecc6777ab1298d054ad19288cdefc65729e31fce47a7a79b53cd926c6e70c16f0d7b0bd1be16286cae7e1ebfd38ff74af11d311d5db5faf1928cdef23f60c9d28c9998be611ff4a35fff25fa8d85bdabded840a3738d4c03ea76fce27e7ca3675f9f2a41e80fa839efb1a958af647fdeb6570fe2d87045c5f5995b9bf717a2bd557be66e736737be00a8c17997ecaf0fecbb7052c093f736a21f88f470535af1e55b6d73365d588df605d1976767eecfaf46651f50f7a34f02fde6f55bf694ee79f0e45ba5cec518df899736e21fb4ed3b53bb9d5fe8230204e018757acf7ed26bdedb5cd510f59da90f6f591b43a7ddbc169f4f825e63ba596cacaf6f6c2edf930bd1cdcde85f5ea0fea619bf76bfd48f83f2f7ed83fb539da9e60691b7d3e9553142ad11fdd6fdcdd5e1f23af351c79e78fde8e67d6c7ae47fb1d39b6deba2ad7d1e1f46ef9aa5266c1a1e7f23ec9f50afeeda4f0af18d82f4515fdc18ce0bd0eb767363fda237edcb5aeaedb85d9adf5b16abd1ddf60959b7a35ff70a7a29bea0cb7673267d87b5e33b1d333a2b0f3acf654d1662763fbd77919646b296fd6b5f1fc4663dcd5b882f38925fb4c5137b217d4bc0a50599ecbc793cc5730dd989ef1cc49e805e6372c8022b403e5c1ee9757f266af4a30bd89750c8686cfa224868357e504259ef148e51b74111e15f2636c020add3dde88ed4a31b04f51a3e0ca016d3f6bdde7cfcebce08f52a3d88ee38f654809176fc1bc6c5c53d7d353afdeff7e58eddd604d888374e050bf49441e510dfc4dbd3cd8d42747963a600567ef9de467cde9bb20b00056478602fcfae32cfd4879becf3e682586d4ea3e54a2fef47bf063bdebed6165496e2cbb34fee2e6bab760f04260af6fcadd9c2943df5b7bd0167a230fcd09cbabd03a83fe894a2ab9d03a8cacd2920c70b7178d9c0c5a6b611074b562a35ef4c4d0dc03bbd51b101752fb6936ca74bfdfbabd3f7efa56360fec5379bf17fbfdbf97cb3d0de6b0fee6ff4629bcdeb26c8f3ce1d56daebcb85f46e29bd007abf77a7a0e9f29bd837887a7333bdbcbccfda9bd33be91d329d4e6fc6da4fd2f7e6773c09be74799fb4ef839389b5add2e62aeda74b85fb1be0d1da9bbb5cf766d78dd5f4f4747aa3747fb3b9d9071ffd46cc3a766cc0f6a700ef10cb139a17c068a30b5c02c214ad23c0d50b4e3a54d34c085d3c2efc05b019b871860962d01c8d23011116f010f0e2026f06850256ab83131c08c390f00820365d0a0c04bc3de81a5004a011c2221a3504b50caf038102159892d63a9d371b3e084d444097b8d8794767d8f9dcf404fc6df96bbc19e0d40c4f47a6c1e044c174cd0890243cd0d20505178aebb4432c25bbc01f08d29e2ef6f52054c34563356200e54256d4817019022781a404de19a0432d841793c71dde8177c0f33a1e669105f33cc97f619e0e105680ca640009d0687ad98ed181d00f589b016fc371b7a0a3392b04c88dd0aef4346072606a4cbd83e2422e2789348445e14bc1b738ce6e1b9d00b045a943482a408d702a0f60913ab380d00143047dd305bcb6899f1b581e2ef48e53b482f0e9d9747e7ac762fd1e5afd5ede587eed3a656f5f28043494425dc01ff8d3dfe9ffc6f6aed11fc7cb058f824d8edbb80b0e3edf4f47eb79fa7b469bfeadf4e773b870ff21a3f35e3ce49d0bcec99dad67736e9d384559d8aed7c7088495ce44d195bc3e66e6b6eb65ddccd51d5d2781f298e964a5b35d28678ddcb6ecfeb15874a44eba6359099b1363a65e2e6e1b49b78e47713aee420efee9ea14aea9d7b79dfa58b73cd6857d132ec2fe0dd085dbc259cad6149150728f5425f2109bc8324aa85a90f92b46257221b466258265aa135ef9a1500b97cbeac4ff0bf38ae2e49646cbaff22fafca6755fee38ebde500000703494441542c63d62321e546f7a349f74a6b3495e6a1fa8332c718c92a4a582d561ff2c68af34f7f3ac7df246b9d51774d2d3a730af1db288aae1be0ddb27254548a329f616b5be5b56039112a337f6e834245a9d5955c4a95959033ae64134a19ac72a35a0c65e9d587dd94e2fef30779b4b2ad4c48a591cb75d796ca7311d7924ef9c7cb636ef59f12503ffe345b767e9b8a807730009379a8246b4aaea6b8a6d475a31cae398d3abdf22d5bfba130a17c3c1e2a139d3027925d0cad159764e69231ae0c0e95c184923564b771e9ab06952b0fcdc6124b349c8f9edecc484b394c76cdb550a1182a4b703399bc94d594f178a5d0b82c4dfe9bf423a081fb4d8473e65cb87125ec3e521f361ca2d36cb0669a06c967ba875bb5d4560e34042b563294c8ff584d54937f561fb754e746484e287560178f95d05a973f78d85dfcc104af5e0985e60c47a92e1693874b2089327841f96d5e16aa4b8b9f569dc75b8d8a477f136a5db7187c66732d92aaaab947ca8f29d7a2ac1cf9434419e73fe6f9a1aa846bc9a3509903ece4f73f868ba1cb7f3253a106a006d59e4048a4117af62f87fc67aabb382979d238529f298e545aa99ab97669500cd5b195f7db3c91d5a5d483cb83c6566651067ed312c2986b02d47c4db17c0d19c349f2655929de50c6e58f795979baadd4cc1be132f0093d59512e8cfde0b73849d0101f755d52def8741bd03f4d8186c8e2a17334097aad2b6b1635d7969ca292e5c0dfab79e9b4525ee3e6e071d5c555a97e93ac09c85a2d77d7b036fa7addb5349e0d1573ca38f9113444c9e5536c5c71bb0c170d54f283cbca9899528cf1a0ac2812d0328b36aa2438c79e3e345393c935c5597be62e3548a4d23501b52c2a39a08f329fb740afd9c396f3f88a63fed6f59de08609e563903503593f0a55bf5f740871949554f886fc573eb97661301e02bdae5e49e0948eea1c6f84dc6e26641c869c7ae4ca67414723ece1b342ea82f320954c841a6a4aaefd905bfbc1559f65ae940f837f56ae4aae6bf272de19b45232b532682857fe5161bf4dd884f0e23f5d3391a7f57fb913f97f7e32e780592956537f28f2b93599785818cb67b7339f7c5f63920f1ac564ad31302b9ff01a58823f5cbe5c078ecb2b0d733be33eae98de5aeb13d7f8c3c342363396497d92293ffa24b356a616a05e9bb3e8e3439998732a9f7cf2ed8ddfbe5e08cec36698a31f301de878b98113d8198427bb3a37bab81fc8b0c69206314c2a0d03aa8394dc34b1df86344cc20d66320dfe31a9c50c667069264d13ef3b5aea208013e89d78c86f06fdbcbcdc6e06ac9f59cc5fc3015b6ca4473562752d8add7134ec430187d10e53cc4b4070831965d84771f90ddc2610bd681e612fcd2537eab7834380df1bea970bb52c8321ab620c2a220349828c192ee00a6e858191c6bf184f82c02d0cc9705a3cc9b94ce25aafd434ba4913bc0c4ef477a6139c9d00ec17af7bd8e88e67244ffcc7953aafffe3cf5fd68d72aa281b35f9ff52a94cf6db4cea4af1b0c2265a9f4d607c36370715445632f97fd48c479f5d298fe553997c96e96731a0ee34ccf8f9744b9aff98343f52e444e893af2e38b560a6152c67c30f9dcf8edcc8d28fdf8fe52f85f2c5c69c1bfef1abb00b9fa115cc8d6fc99492f9be580e6796c2e52b97b6f275c98e8ddcd931ed9385e8e63f1e805b21f05354ca5fa8b972f0d1584871ab4752a960fb40e3a96134ea59a59c3b722991979562e252f71325d94d2654b77e245926639eed04893f2f54677ffe4f774e415f0254e28bd0585dfd622ca824324703652ee71033f540ca09cb09659c24ce3899575ac54bdd86f247578e851b3a98987ce67cb4e344619e998984c3aa35425d0b653e9d2c97b7aaad7f1d394a44a93033b544a44e8d474abe00d686e4bf9a7cbc4453119ca3b7a23c760812ddf3462db56466a9de506845d151d64a433932b3937f580a1dc960aa3e6625534b981521c962b8e58086541f3f569ff286b20d7533391ec93099397fd45433bfbd6a56c2a8d7286be5e34cbe3b16deae2a15ecb424653275c902cdf02680696409a05eac059f0e1e46c00bb913f408585f3e7316435bdf5884343f01d4a0214117c85351194ba8b96ca89e00d4a14537e7808678e05bb6956256998048a7ba2895a7f2b1e2960b09650c3893091a72cea01175fe07087170b6fff043f948c9020bcc2af59c72e828c150a898cc6fe996c73d0831f30ef8ccd69766fe82fc27848b0f31144d4979a57a0ef3b7bc52381bab33372bbbb947130e77ea0399cd3975878cb9640c974ee2e53a4ee3c11d08d4c197c8accb735936f671b63e66b8b08fd072f6dc5103fb60fed001cbe85a7ce0f729911617c0353c2017d2ebfa7d84991cf024767e919685b3e0e25a5bb8e016b67a127e16a3e3df5824f679b6308d4bc4881be1e2f4034da742a3fe1a4a42070aca349d4bc1744c246332d6b23c4235cdf28414e41ce6caf9bdfc5e7e2fbf97d3caff0f774c221bc6618ae10000000049454e44ae426082, 'image/png', 'imageFile', 'The Girl with the Dragon Tattoo.png', 18698, 1),
    (2, 0xffd8ffdb00430006040506050406060506070706080a100a0a09090a140e0f0c1017141818171416161a1d251f1a1b231c1616202c20232627292a29191f2d302d283025282928ffdb0043010707070a080a130a0a13281a161a2828282828282828282828282828282828282828282828282828282828282828282828282828282828282828282828282828ffc0001108007d005203012200021101031101ffc4001c0000010403010000000000000000000000060004050701020308ffc4003e10000201020404020705070207000000000102030411000512210613314122510714323361717215234281910816526292a1b1c1d23443538284d1f1ffc4001801000301010000000000000000000000000102030004ffc4002711000202010402010305000000000000000001021103122131511341a11422610481b1d1f0ffda000c03010002110311003f00f4e921150044f647e1c635ff00227f4e34959815016f68c1186d50f541e110448e8492ec5f4e91b5b6ef7dff004c49b7743ed43be65cfb11d87f2e11994358aa5ed7f6711692663eb5a4d143c8592c1ccfbe924f8ad6ea05b6f8f5db1af3f34e7a039753e82c033f3f70b71b81df6bfe96f8e354bbf905ae89469fda0224d5db6be306622266e5a5ef6034e2324aacd958ac79742e0136715000237b6dd6fd309ea33533baad041cb563a18cded0ec6ddb06a5dfc8352e893595dbfe546a3e23e38e81fcd23fe9c447ae6662205b2e8c484fb3cf16ebe78e86a732d11da8232e756afbf165df6f9edbff00f702a5dfc8752e893e601d523fe9c655f53005100fa7110b3e68d344b250c0885c6b613decb7dc81fe9fdf1291905d6c41df19daf6654ce52a2735fc0bed1ed858da6f7aff0051c2c5453a484f80017f00ef6c0b7167105664d9964e94946d570ce673530a0fbdd0881b5279917274fe21b75b60a24750c809b12a30c26a082af33a1af90389e8b982121ac3c6349b8efb0fcb09094633b92b5bff00019a94a35174f603a938be7aacc21929aaa29f2e93369e0568d01d74e947cd001f3d57dfaf6c4970d371166f4395e74d9b532455bcba86cbfd54189216b1d21c1d7ac29f6af6bf6b61fb70f655493ad74518a630d5c99812afa116468ca3b91d2c56e4fc6e7101474fc254d4f0e61071068ca22aa0d153fda045224c3c6005edbf882df4f7b5b1d1aa125f647e2fb39b4ce2fef7f35d0c3f7e6adb8654f2eb3ed23987ab9a8342deafa3d6b45b5db4fb1b5fcfe389982ab3dcf0e695996e69065f0d2d4cf4d4d4ad4cb22c9c962a4ccc7c43510765b5858ef8944c87287c921c9d2567a596535b1859bc52112894b03dd7511f910311b579670d6639ae691459bc904cfaa4cca8a92bf96b258598c88371b6cc45ae3ae0ebc6ef4c6b7eaf6068c8ab54aff7adcdb85388ea33ecd6266022a39b28a6af586c2e923c922b0d5d48f08b7ebdf09b89a61c6eb9632a8cb0b0a379c1175ab2bcc09f2d02df51030b30a3e1e4ae83304cde4cb9928632052560863f554625188b7b176b03def6c2a1e16e17cd687d6a8121a9696735033289c34fcde66b24496b82185add86d6c2bf15b934eb8e38193cb4a29abe79e4d7872bf309b89ebe8f3bac782a8735a0a134cab1bc01ec924528ddfc36d40ee09e830651a8d62de6310797f0ed1d266ff6873eb6a274e62c2b5150644803905f403d2f61d49b01616189bbda4417b6e09fd710cb28ca49c4be28ca31a91acdef5fea385852fbd7fa8e161cc7592d643b7b031a2b6a17185504e940a2e4a0c7355755b2fcc92773e7884b928b818f11454f3e455f4d5704f534d2c0e92c3002646422c4281d5bcb15fc6b9be690e574d0cb3c915366eab4b994f4055de2f56705a488817d24e8d440076c59c610492e6fbdff00f58eba6c49dfcb16c59bc6aa88e4c2b23bb29f8f2fcd72acc29f31caf2bafa8cbb2129454ccce03cb4eb7150795d58b96b8b0b7ddadb1de2a0ad3c499bd4d5d2d53d1bcf98b5072e03b4af1004c86d72ae9ec9d85c1077b62d4a969a384b411896404594b69dbe78d28e6a892166aaa7f577048081f5dc0ef718afd637ebf0497e8d765599165668f85aa72de21a1cc9a6a9869aabd7e9606794c6a1342dac74b4240f05ad61700dce0e7832a731adc91a5ccafcce74a91ccd0180d4461bc3298ceea5876fcfbe0851f50bd88ef856bb1d5bfcf13cb9fc89dae77298f078daa66b1c6106de5618d900e683624dc7e58d6e1755bd91bed8ca37df28036d8938e73a0c4bef5fea3858528fbd7fa8e163a091d253609f40c6a846a04f9e359d82b25ff80639f3462127b954b60329b29cf97d5b44cc135563a195bc74ceeb22c76f3437523ba9f81db14f93999563a7c9e6a28c514b1d62cf622a65d2340ea798c1c16e67c7aefb1a73547418c7307960597f3cba03e8f29929b38e1d6fb3c8820a28924229848239b5ea624ea1a0f72dbe23b2ec9b348a3ad59e86a1a95ea23927805a36a8412ca59546af1dc32124db501a7b60e6592b8ebf56869880c34979082574ee6c06c6fdbcbcb1881ebcce054c54c108eb139241f883835b59beaa5c502df65d4789d72da81927adac872cb00ecbca20b72ef6d3ccb372efbdaf6ed86b5394662cd03c1473a65cb34ee680c815fd5cf2bee6f7f0962aec16fd3c3717c1a4d5012fcc2541e97c708ea959646470420bb5fcb0b632cf25ebfdfdfe4905923082c2c08165b5adf0b76f96378a405d6d7b5c621a4cc21dd948b042c3b74201ff00387895424ae8618ca13ed1f82838c990a1f4a7ef5fea3858537bd7fa8e163a480cb35aa104b183ff004c1c318f315695536b936c41fa42cd050d7c08c6d7814ff7380b83899457c1e3db98b7fd462125b968f0597599b2c13346c5411df0c67e218d07848c0071fe7fea19db45aac1a357ebd7a8ff004c07cbc50f215550cc58d94036d47b58e02412f7c83385aeac30dfef0a92a7a8c10bc08f26b37bdac47638acbd14d446904d59984c2376b728892e194f5b8b76ef7efd3164257d23fb35311fcf1b4be80da437932ba6489d8866b2b1bb78bb60038773a125166cc5c911c649b75f649dbe3b62ce0e9221d0ead7046c71e7ff004573ad7d7e61493dda29a5489c79ab6a0702a8786e4c55f10414d107a7ad5944f4efaf5a9d41b5282a77ee05c1c1b656d1c7c5a72d8009191a36d425b8550359dbaf71f0dc62a6f49b91ae4796d5d3c4b3e9cbe6e744642179f03305b817bb32960a6c3c8e2d4e07c8e47a3a3cea258a9ea6aa5498c28c5922885804bf76b5efdae4f5b6019d507537bd7fa8e1614def5fea3858ea398a27d3fe68941c5796a4d23885e912e233e2ead8aeeaf3da3fb3253460a35f58d4a4312a6f7bf962daf4cd90c79af13e5752b54cb2c020568529c48cc18b816bb004efb2f7b7c7145679994b93e7799e5b535d1d652d4425627d1a148208ba8b6c41d88ec41be276ae8ba4d24c36f4b91b54d6d0d646d612d20b5c5c5f55c5f7d878bae1953d435565c995e651ab3a3300d02860840b0d2475efbfc7b636f489551cfe8fb8765964082a694206e6683ac22f7fc8fcf6c0065f9de6939a731564a108d4d246fba003bf9b6c05fa632d9065c96b70f55cb96442989abaa6663795a2606d7d86fd30494f9e5402bcba5a9bd8ead71b002d7ff3b607f87f31cc678d4859de168a328e2cdb6916b0e83bdee7cb04427b32194660a3e40ff83be1d658adac84aef81dd2f106691c802523150410c5185fe16f31802f45b5268e7cdea4b04306894b1fc3a4b1270794f5505919e491493d240c0fe6315ff055373a1e2580103990325c9b017d62f73f3c09cd4aa994c1ef63b71e710af1751c9582ba398d23a5847081b175b8d5d6c013f3be2c3e1fce646e23cba11308d1a440b1a39006e07b236171e78abccd434bc2b9853519a5cc1209235aa9a085a257202aad88373e143b8eb825c8eab30a3e31c8238a942d0b3c22577eaec596c7cb55ae763716df1b52b17947a166f7aff51c2c29bdebfd470b0c214dfa6556fdeea231cd344fea719063908b10cc41b74f8e2bf9e0663333ca8dcc66919a481198b35ae750b104ed7c49fed23c475192f1ed0246018db2f8dacc8185f53f5ee3f2380b8f8a697328592164e6e922f135fb7f0b5986ff003c4dadce98495241125052e7de8af87a0af4a8262aa14e8612b7462cca090dd474dae0e015b819c5423d1d7c1342c9a923958d2ca6ea580b3787a5cecdd8e0d320ac03d1a664c185b2ecd23a80d6e81658def6f91388ee26ce22cbc159909a488bac8c0916ff008b840dbcf5a7cf6c0b61924cc6479967d929a7a7cd29abe9e258c5b5280a0f90276200ee0e0f72ee2686658ee2a2e41dec2c7e388ce19aba6aca65aacbea244a7a87721632421bb25ee876eae46e304996e4f9756c35933d347cc8e04915a21ca26f204370be1e841f6712924d939634d0e973889d10aca9ed0b33a0c087a3f48e4ccf8816a02b4254f30762badaff00daf89a6e1a691c3d3d532a93ec4b1eff00d4bd7f4c0ef0566306539fe710d653d5542cc1a2b522062a431dec48db062a838a1a6c18cce7a7a5ccb3e11c91cb96574ca69e08bd837652adb5ac4006ff00962dbe11a6a7aea9c96686baa91e96a140025bea3a803e7707a1c0067191e479b662b5b0e6146d1b5398d62aa56a462faae1ae469f3fc5822e0ee15a8cbb39ca4e56d3b51c555135e19566403582dba926df32719ae0592747a0e6f7aff51c2c29bdebfd470b1d248f2ffed4b40f59c754055b48197462ff00f73e2a28f862294fde5437e4063dafc4bc15c39c53570d6e77973d454a44b12b0a874b28b9b59481dce22c7a28e0902c327900f8564bfeec0a2b1946b7479cb84ddf27caeb32f8a676a7a970f2096cdaac2d6f96c30490252545b9b4914a08dcb20371f238bad3d16705c63c1944a3ff00325ff761fd3f0170bd3fb9cb1d0f98a992ff00adf02994f2c6aa8abf25caf2f10c290d39a608414451a6dba9b01d3f02fe9826ca2821a332aa4ac61929f92750befa91835f6fe0e9f1be0e23e16c8a35d2940c07973df7f9ef8e91f0f6511b1294920bf613b5bf4bdb074af623c898374f153d3ade9298cc4b136328623e02fb7f638aaf8515bf7e3881654d0eb23dd6d6d27986e317e1c8f29bdfd51afe6266c475270570e52663555d065ce2aaa6e657350e755cdcec4dbae03847d1a392b928ba39237c9726b1bfbb6e9d01f58b1fed892e12cb69ff007b44d1c6913459b228b20d80d161f0ea716e41c01c2d0410451e58e23842aa0f599360baeddff9dbf5c3aa2e10e1fa2a869e9a81d25337ac13eb0e7c7b6fb9f80c6d21f2a0826f7aff0051c2c3696abef5fc1f88f7c2c3103fffd9, 'image/jpeg', 'imageFile', 'The Notebook.jpg', 3833, 2),
    (3, 0x89504e470d0a1a0a0000000d49484452000000b50000011608030000001772266f000001b0504c5445ff5a00000000ff5800ff5a01fe5600ff5d03ff5f07fc5700fe600afd5600fffffffe5c05fa54006426069e3f0f712b08bb4b13e45508f75c05fb4f00361405a6440e9c3b0680350d562008c44f11e15b117979795b5b5bd1d1d11400000000045d2306b1490d4d1b079f9f9f2b0a00913b12676767888888969696bbbbbb1e0000f65f0e481d077575753333332a2a2a454545adadadf05e0efa7024c1c1c14d4d4d303030151515f96819fd8c47fde8d0fab182ce4e08fedbb9fb792ff98038fc9959f98f4cd7d7d7250000d44f08300c00411507fa702cfca872fecca2fd8b5af79360943b0e6f2c0bf9b68bfedebfffeedafa9d61fcc097fff7eaf6a573efc3a5fbe3d1f37437fed2abf79a69fab58029140a802d08360d032c0600dd611ca04b1ec3591cb841024a231561301c9847203a0500541600732200ac501e641a003200007d3a164c0b00c168338f2f0572371cde6a29875a3def9671e3834ceeb498e3a77be6a187f33500f16a33e97847ad5d37031b23a93800d3bda393745fbbada1623723381f14955734684b3d272117d19c76da9563b08067d77f508b7b72b97451d6cbbbf3cdb4474d4ffdaf759b042fc90000200049444154789ced7d8b5fdb5892aeacb791085886800d014380241c12404a3a921f929576908d896ccb36b6813493f47ba6673b7d3bdd7b87d99ebb3b3b737767f7b2fccbb7ce916c6c63834927e9e9f9a542c09664f953a94ebd4ed511457da00ff4813ed007fa401fe81f80188696985f1ac4b589962ce597c6707d6290c2fcfa78cd50f4af0ff43f1e71dc2f8de0da2445303194a2321488beff5e0a76f2b99c088225e572bcbf018e8b2814a7e223f0d1827fa88218722a090ee023e908470e94c89680945c1ac11f0ee5720ae6921a811305075d5f4da85f1e860e8f786e6943e4278e782a129a9a1a4764172d4e1c4e4d88143fb1b2be17c0e69642abbcbab2ae52fccc0c4fc543717c71abcff06e752107382616120b13706593a1233ebe100fbe26be33b5f15c85ad0b1b1b1fa7395a593e9c7a1ee7d4a77be2ea0eba366a8a3ffe44e71840adaacf5601f5c2316a9f457989620b08a0a9f04391c1cc4dff79475dfaf3944afba8092c2940bd9ea3b81b532aa74edde0b9c9c3c3c9f87a9c2667129767445e91802793bc78e32902d44bfad434c7e5429f77aeec5a94fe58253c5c5959c4a843ebebc0dfe08ad20b4b1c155b11d58fe314a362e1984ebcfa7af937cf03d4917ed43c5c39cdaf8ef3d4e4f28b85179ff88868752146ae39b6a0d2c08508a5cc1e3e5d8e602e8496b837506e1ca0a631af9138e1f35a6c83e662eb31781d5f50e187122776d2f02de32f16975f7c72ce6b9ea3b8d56f443ee0f5de0ee135c74deea0d5c3151f3543780d321c075ef33eafa7159ea2f1c923f41b6803829af2e51a732fb431fba5eaef8a840e1320a2e2b34fa740e2290e039c9ed53f998e7fdc461dda589e96f8bdd0ecaceacb354aac3c3b7c8640829f8b682314a0a6722b1b09d82d2d8512b3eb698e0209f1b1e291415f1f3519c7e43713815b06fa229d0b463e790d2797d2e96030d2f8b88802bf388a689e5c3a0d1f52d3f8335819800ec9bd8cf344877014ca75d483928ea9702a4e8da51510092682dadf21517f17f48ba8ffced800bfa56b9c30987a8eebdec0743ed2773266f0f677469c6f33b9f6ffbef79d0328eefc97bf69e021cc7bb905cad2d24b447436a5be04a3975b5a5a02118efca4c236054be8d2ea24165bf527501db99fe0656469691a8fb49f2294f4128f68e5e5de349666e5658e935e46de03ea746835f11c811e8973d8d4f03353ab47396cf26615625b222be3d3b33b60ee628b3b0a7a1a827dd30bab47318e8b875654f56350d0687963fa19562cf1d04244fc64f23d703bb770bc14c2ea6c2977e3138cfa197810807aead3bd38d81c7e665c049307963eb6b3138b7d0a9a999bde48e7e032e20b9f8debcf63f0feb9c88913705cfc93cf66f5e793ef1e34950b6d245ef2807a23b1f114a33e4c2430af778e17befe5d9c1213600445ace1633bbf7935fb3541bd9098c5bc5e387efa9b9d18b8270991e66e2c8b747cfd78e7f39df7c2eb90ce7334a08ef3b18f31ea191dbc3c402d2e2dae6388eb71311d8a81c17f7ebcf0719c6c9a8543401e16d5f4e222f03a168a89f1951bc484e61617df07eaf817c442aa5fc4b9347865fcdefad4ca4dc0382bf2334f61608978c312589ff497e8680fed00ea25d80246143ec9df5848831bb3b432b5b2877d822f22fcd242ec3da06614ff4bc053e3b0df2c298a02513e07203862f1384515f121924881a5c42ff121c16e0e0c201c0cde38390b0c084e79ef467018973e84a21fe8037da0bf67fa1526f9286c0bae8acec0c77f93006ee8c9de069f748bbdf218497c7be6ebeddc5a450b5f7d9024fd9d0912f756d8f8be2feaeaef8310afcbdd6098ee54eb48de1a77e1b020a20cbefb0d724c57a38ee4f8976ad7374e2e05112cb89cdf423cc0312498edba98de0127a6d5746f54abfe042a403c22991c86e26fa6db3bdf5eee991f9f8c8420a0e2158805e0377f6315bc4f51c12ff904e0e1f8e918076fa860a8495c376a864a278e9745f8344752610c1c895ec27bf1cb639ec127148f623c85fd559e0f4ef316484a2babbf5956d33b53d300f66876697a65672fbe33816e4c25d4f1d851fc68f2f9d3dc11045e98c9127c35d77b032391dcac3afe3c7633318178fee5cece51fc2bf5d9f3c9c4d7bf5539657c397734f53cfe72fcb7eaf8726c7939d195fe1d4de1327d6ffc2fe7d4f5d9d064ecd98b04448b478989e955fd772f1247c7bfd367a69fc512c7cf62ab4be9858984ca88a23848d970b9d9a51931befe6c36fdd5117c7af9c5972fc6459408c5d25fc48e12e9a3c9d5e9c9894f8ebf88c797f567932457827f46957726ccb20210fc61697caff1d572379e459696972662803a36f5cdc4f4ca37b3c7abcf63e3dfec1c276213afd6637b89e32f67564d4d1f628fd2cbc7cf67e0f823886996f0a7bf38de99897df9f97204a16f3f5b9d89ad7ebdfcf9c7c75fa8f18599e7712af27bc47f15e396564790163a1c161d239baf64ed6cb692cd3614366ce2908ac1e9e908521595e4259112492b4a3ac729b1081791503aa2282fd5c63fc5458166385e122e0257e0c0181c1581d86b69268da408a7be4411114e2ce5d2a2aa20454dc35b2eb78c739a78fe435528e5f2a902e0104387452b9bb50d47248c1614c7cee71b8ed20fa19d05e3bab6b09aa54bb47f24235968983892cfa45f76a5d3ba5e903f919f461c8cc42f6044336b3928100c42341b7652ae2d5d3524e83032ac2e4b15b65d79d8b19d64df0018141f601f29d70e56831274c3402cdd8f8f96ed425e62c4be41d13e2b399c962c2bfe95789eaba3f5ca306b1bf976afa3f719aa4f3b2bbf8df89b9597e2854f0e402d20c3d6d9013c6568414b559040942a4e245012a580bec6f90b4ee124c48117632221fefbf81791cec7a583ddc1fe9838fb9b9f10a728f029f29f9f9e24ef7824c1b9d14e5c5425b003e92f4740cdc94ed6090f11031a698d03938dec7cba3cb517ff2afed5f1ce57e9f5e7111e7db9733cf1ea5bede8b358fcf9c68eda95d80f372a8345843f9a9a148f369e4ec613b3b1f8ce726cea93dcb7b337d52f9f4ffe36fedbe3dfc7bf7d7523fec96fe3a3a45835db1a30eadbc4e89a9eb7e3cbc75fc2bf44fccbf8f8843a138b7d11db5163ebaf12df7d35bb37b314ef9d18948d21839f8f4fbd188f1dcf7ebe33befacd12cfef2da1a3c4b3e91951ff22fefbe3df1f7f3b9e384e8c36c76821f6329f57d014d9f8db721c50c79fbf5a3e5e9d4aaf26228a0abaf5d3fff5d3d2c6abbdd8ceb3e7bda82b8d812714bf7af63cfe6c76f6467a76221ddb388adc989d7cfecd781c54f7f2abf5e3dfbf78fe4de2f8b723880745c6d4a5e1052d8a61e7b51901251ac9a9444fa7155a8c68ba9a467c2e8eb85c4eed197fb4931f2c226a2c2226a67312070a9f8ba725258de0b3f81d68ebe0fc9191fdbfcba32246e44109db3ad3d131a0ec349d046e83454bd0066a11fc15fc4f11b0b7bea3d0bdaf472fbd15dc0c44322cd22c0d9c0c8a86779aa949979c9ea1e8e132f776d3a7601e87b35be238511744a4ebbc6e592212581aec1145c36f3046a37e05dc2b9a98311abf229f860d34790f9bf1cb30dec65e06e5026e8ebb8ce12287761db46b2bce09dadd85d78ea46bbbbbfa6e431811b4ee489ab30b5e82831ca1219bca6e23dad8551ca521e9bbbb8ed640c881d3c9bbcec88c20c88681c619675a2d7cdf3ca9d75f378bafebbbc51f9a3fb65c780d5b1aa30923db4a9eb8ee3f37bcbf955aada8fb83ebba3fb40aff0cbf6b32fae187d76ebd96aa7f5f3fa9fd302a1fced10dd8e88b3dddf0fe77ad55af9fb4bcd7f5e2eb92172fb8914cedbb52fd8287350475f1c7d394eb355af55446a5954ca420ffc1ad974ebc12a2d962b1f163aa5e4f7d5fb71db736d4911915757b9c3294ec7a5ea3e9bd760bafebb5d7df7b8a57444df775cd754642cdb0c55dd74d79c546f3bba64cc90772b15068a4fea3957aed291875aaf6e38fb562bd65d753d7433d007097d4449528ad08ac24b38a0291032787c199900461b4d404430974581214252cb3189540b1821c16605318ce20080c0e4604019f9a7dab690abaad4fcf35f7b55369bd1fb808effa67fc40ef9bfebe127aa3d2df591e7214e27e85f5929798c70ff456e9d7c9e65f27ea0ff48186d03fb2408f32bff9f777fddc557693bbf288f74c1c8f72b197932fd311851f080c0e88a4c901e280fdb8ee49517adff7c612a2d2436f0332cda79fad847c9a9a480fc0cda7279e06076cec45fa33e7dcf4cad4d4d44eaef37e7285d49c75813e7a3ad545cfaf5d037a5134b9ef6643ddb49ceb83cdc5133d07dce8cbd57137c8e64e0e939b8677137c57d4228ef79c2014bfaebf7ce1703e169ceae9d4baff62aff7ee72b105b27971a57dc0acda7b808f3a3423be33d4fdc4f9a013b10852d4dc8d436065af0470691fa97fc02ab982d99e246b1b752828921c827a6672691213fcfed9821d21123d190c320ead2ef589ad4a0e580aa49d8f1069d9eb3e88a05e84ffebf1cb502f711dfab9a0f9550c22c6b5a3f30b53ddfc9e7f408081a1143c0a7a7a5d08ea573b9d7b3014f5cf05db21158bea65d395ea5322b15d10e25848bac588a09e8975eec15b417da9c98b75338e1f70036317460f3f81c741971ef1518b7b584c62c3514f8a7c403f97e9e40b670902868a1fcd103acaf51db0d1abea26b1c251fb8e99e189e8aca8143304f5c678c2a7d99f5bdacc1f017f2602d46d15d87d2f89dc8ff7a2c64a65a1cb5004a8a9381e91cfc4ab35dfdecf2cb7e067f0178864f6a60bf5b92dba0e6a6e097f789abf1af5cfe5f52a9110fc050c954b8c8f8f1ff6a2e6b00a59ee41cd4d12493807d546ed4b7c283704f5eccc1111c1a3999f5b464e10ac4782c10603c51fed1dd40c39a0b7a74fc4f767b6cb50745053ea14965f346434f26f6934c2082437f55c6ff4a10ef45c8f201265b97741f3119d47846cf59deb6b31d1cb4bf2be1bb5f88ca83eae931c16277c5d380835eddba4cfde316a860cadd0547c28afa91c3e60a5ddc04b29c498ae5eb0e8337e35176afb8f57a0fe395700e078e2fa2cdc881089539756fa51f3f87e8716f7c8014a6c03bf5bbee83dcd04d7115f1886fa37f19c4ff19cfab35d11df13092dee24c667a716037ddd6d4efdbb0e372431beec435a1ee0a906a8695ffd0dd47c8bc16d58ecddf986b097167ab4696821ddcd0986e627d77bf6aff6d51df4f09af6d5dfe5fef5c45566660433c4a97b4f3b275c482ca97db78fe6d41b53edfdeb33b90b115837ea40fd818dec469db8266a7d94292c4ec92ded1d1d1ded2de5d04091e394383e606f1af65fdcab442211d4fb36d223448c1ae9a12b8b44a4feb2a601e417295de6af33971fd0b77dc071dcf5420206bdc586a6f796c56114edd738c52768bfc6b55a18a4fffa98cd519276bdca865f8efc966cf28a6378e9d731f5457a033aa819861647d07fbf0005ba1097fff61025d0a4bc165dd9ecf3de89c02544f7136508443c84e105c8c3e85d5f6680fa02648cdaf28722ed18ed9a5810f3cb0171bc825484148ebb80fca26dbbd4e85d6a0adbbc26388317c19f8e1f2267db6afbd292445c6d7a33f114bcc0859df19b11be17b7f4d3d1ea514ff259fd76d5a7bd9b2f23fd0161ee687575789db82fd074073481ebffa5da069dd1f50b600794ca70f11ea7723cde03445c866db1ee2df1eea397633d7e33899413c30b53dba83b83b0f38aea34a649bad0e547d0342e7c67c3406c1791a4400ff570569cbd14757f6486518f5f514edb0dbaf39aeaa83c52b8c846a3515996c3b2849c4663d768388ed3308c6271177e8c46e38fff427876f3653afdd3573858f8da0c53e79d1b83512faceeeded1df901637732ec6ad4c06dba1776301a03a8d1a8a428ce49cb6d363319f8299592c924fc49264b25f23a598257e5274feedddbfe53b3502f785eaaf67fb6fe494f35a251b67dc306a35e4178d4f1f1a93e811885d73d6a9af69b20e03fe662cd750b191f5ac14bb58a86d5d074244a8220689aae5b9aa22848d32c7b2ab4f93fff95b78bf0915a2a953a73bd4c265948158b861cc57d144350fb11008918577a3aca46e0753f11de53e564a9e9a68abb5816102f60ae630126a3004c0fbeff92ce331c03dba6713c9aa6399e0be3c3c20227298eb3db4a795ea1b6abc9517e186a1257c4de0c35dd6d18295f421a8a4c800602e3df96e08fd45ea54c20224062d2711e9f86ea642c703d2f9c4069140b8596f3fba1121264d2ba8bf9471a8d7da87dd9a6f4910a70c12fe4288443f120d7c2e4d23ee5824ba459b9d12afcebd620d4715555233192a4dabbd668ec36eb3da819ff822e332d18935991a908feda20e3ae2c07ba6c47e9a8759655fe6d6d6dfe9fd8aec6cd3ecdf7bc3bc81d1575afeb44fc26913e1fa717eccaf9a5c829832508e2be6888edccd7b2d2651ed167a1d0d60f155de8b438f5a29eedd1ee234948c740f68c4649973a58e1b23aaf7bd94f838cd0044190c111138b175033feb5bcb452cd5d89a5c93593cf2c2c2c12b59dee9ba91c05b52fd9749be13e7c8a459a1030996678b17d094c2f6a8289c8f57470f31590d5c97e5e079acff2caae8d045c818f517f1c57e3243dc8f7decbeba0eee635c875d1d15194650863245ad4715c33b0919b61488668b6f32d3499f2b8807a31c6295acb6bb5f2b68590af4382c98df81ba1f60d642f6a6c096b0d298a7b1060bf84444a4283fc304697967a6cf210d4c06b08fbf55a0d35f2b6f11f8f1e873e56399c135b0ccdf696c58f8eba63d7db161d4c5fc52d14bce21f54f0936846d011e3f76ff7b99520f308dbe4aedc64ba4fae990035ddc8471b4d859575e5bbf9dbf7ff8c13bb24cd3dddc38e00751bc9a5a87b1d11aa62ea268a4ace6ebe9049193a42bc868400c40575e8cf824d23325dca8bd343784da97999d5457c3b40421eff59e3259a2494177a642440dd9e8db982d76d4f9b8c46cdb26cdbd4754d883a45efac52d314c36987354cdfa0f433eca19599a5c9c99b333b810e691f7b8e5ad069bc0411e5eb1090102698ba9eed96077f266a23a0e561cb4c064ef6396ef8265b07730dec360d4313656bd76b169dac15a507a2a6f8c9be5c767bd68ee9414de153132fe0dc7b22183b2ae87c4b87e24382b1ce30a498b6a8508a8d445ed4745a1045ddd474c5f00a19afa50c11342e32d3fd4d537b11ce6f80237bbb639973d40bbe41f493d4e9ae732df5a21ec26b9203c158fd966f32de58b5228397cd615165241104bba2ec7ac9ba131db242071f599ad8395c3f7cba3131ed2fdc7adeb4c7bfbc79f36660ff407f621d0f1ba603218ac0eb9be9ae142ed9d0a1de69918bd0a9606104fc958e932a2a8a0871795880684b0069311ccd4895ea27e08bb24183560fe7393c6da4b46733bb6588ee0eba831efcae2dfd913ad7439783ee3a1c5e9a869d324d100dd33261601a96a95959bb92cd6792cda205646a8e666a082e8bed6f482678b9617e17f32e171d91244b47ba440b02fc60b3c8e1a8409024339574351d62195dc757a559a6890fc4607c4f8bf1c3a1e11d6fef0e3544079a424b122f8a22b9e5804a923890703e2ad4923fe8a2882d6a1884445260bc5a165c85887451927cd4979efb9d111e9b9244438c2511070420733cfea5694cd4394db64c24729c88f0b219805ed24c9da5c1cde2af168077c76b10cb60fe9238aeddbe3604bcb45ccbe4b320dc08ae83061d0357a098dab9fffc0b51380a1e251d0627156481943900ab79ce175e49e4a34e3353312cc382181d245b43583cc02afdb20bef170e52459be0d141574b02080c0ea0244cc469a5652f69e8220886ae4b381c9224a4c02005ee0f7669df07959a5eb359c8e7c1ab347c4547f45c98a6381893808ae7a2b5f2aecc83e1ef5453c09df1bb1e7fa93906cf6be2f4926b5b46d606756d11eca0b6110007cd02de9a146d945d9997c4f3cc3c2d75a7e9df7f7b1f6832c33d2d57abf59a4d64d7304c1350c3353414ec038982ae00ec3ac0d6bb32f3c2f91bd036ef7b3e0a693a1b8d4ab69b4956cb19b7023cafe4c1e9d64c2b5b31f0da96a2a889ac522a295c176c860aebed55b92008f8393dab6f42349992a6c1ac6866b190c409b4966118151b9c57ab5281d08f1191a9b04a21a973a2d9c5edb0d9eed815d0fb166fec07d338a0c40b0d449562a1994902cf6bae9b37203acb1fd83acbea3662a3a9e41f0464774d040bd936daebf4bdbf25d454dbb8488642b3b2a61959b7594a96cbe54c219535b29ebbab28599023bb548c6af6b930d09ad549b7bd77d434b626245ad0cd30470920ca5159cf66f35e01c097ea9e97c9d42c43e7a266d38de68be77ef72f372b4c50537efc1bb6118e2641c5f16c9407571b8c600bf85ec27cf76c538e160b2719882a036f9819a924e61da1a6dbe91d5ad1048684c1a22ed0f806709c200848b7017ab95a6eb6f446b3e4c9fefa0dcc481531ef86c0e1d38476f82be8ed97bace8025e10592db111956d2ed83823f4e4bf5a282933e640d8a5fc88b92a22ccf33edc09da5da51bc08fa8116b530ed6719615754e645b372d0048b54ad17756419bb0d0709d1e808c845f070de26ea42ea4486205d64dac9069270a0c91f4a30acf3d53cf0ee70382ce8d954a13c562e970eb2c66eb672566b0851f6f2c52b395dd3deea18306cb7d06a209055b66746d28faf04189e78da1134ba82701023841567f7e0cc2a7a20e925af024e57bee01d541a58683af202ae6e6f1e9203cfa50b35d737cbcb75ea80472c08ce5b22728a076ead61e2d9197fde1767f5f0949ecccac8b1c03179f1ef7ff9eb5ffffae9de77d90380080381d35ffdee8f07cda69782d0f8c7ff9affbfae5bc4f92002162576ba8b4e697e75e7a83be9c4ef6d4c9cbfa729fe6863c33f405dde19a9f8da6dd9b68324ad986a02cf1d059c67f0ac81b19ad1226bc7d9a666fefbe2e2bf3cd8ba3f7767ed3f6c0864184ea2d48f17f744f0bc0a192fff7aeb7f5e8866ab7256b1e530dc2275bdb7b6594c84120a75ceeb38c9f574f2fb7e7e679aa7383c89325269b057cb9fd5f2590098879b9e29279bde41814c93669a9e9bafd58aadd67fdeb9fbaf3fd62af61ffff2478df147276eee5905774a883a592f797bf325dc1ac1aab8deae02a80ffb508f8712e2f963c7f8a350f7742913147ca6af815a37a308093a4ba6787543af78859aa6c812d22cbbd2ace5f359fb6f5b1ffdbb46b20b6230f70c724a50730228458ecbdddfaee3b90141d3d562a186503faf096aa60d3bbe10fabc335512a0fe7425b4a35223a3e67549d79069ea4298a1a3663ee581fb54cab8ad861c154c4b64387122b4ae320c8b17680c1e31d3418d737c61e76fa1d09f0a49cf92252bccca0785d4a3d0cdeeeff651d3fe87697e26b4ac2f9fa7db09eaf117a4947554d438bd61d9ba06ceb46ee60ff2b6851deb1468e57db701669d63c4a950820763b3b4beb272d81e453441edbf967edc0c7dad674bc9ba1ac54bd19c7df75fb7ff5b62cfe3331f75db9402aba7f9a5f33c25e3ef5fc58047455d70f3005ce424cb2b67f296e2575484797d3739562db5cca8889e026ad089a47c7c36985e6ca3c60e097dfc0806976c5ba9e4f75196a3f5c6c2e69fbc9368b81735301b0f487e154fd4c049278292181f358f36420bf15151db95da41ed200b6ad72d56701a5b674836948d6a462a59ad7aaa361b7a8ab093128924306aae1f35d609931425bb7f6824eb8d284d830ef956a91d3404b61b35439e14404716421bd3d34bcb78c295ebe235be07cbc723a2cee26011a0172a9aa5e812870c4d17b0ef2ac1f094ed66b5bc7b134fba6113c43febf0da976b3fab4c508388ab9ec21b25576601f50d2eaaed661b02dd4145960b3daf8c0f75aaacdba8713afbd5c268a86b384234ed7c316b6735cd947843d13505ac0dc988b151c7abee3f00d82278a708f39aee43cd90f694499e1739888a643b553a5140f381b72b494656836d741b75a03167a731cd863a0f4ff25107ed2023a14e7a0ac3690716a8363beb6846c33205c9d259e2f6e1ca86a89ea9dec76dc633cf9e923ea52ed4bed385514f6dececece02501c3e249f3c750e8706303b644f4334b475287d71469ae48932c74ba5dff4eac0ca0666852053f12eaea58d9522a7a18599666d879235f810b900d70b4250d1156b2726aecc91a9c6f7171311193187f3163f5e3d06a7b86a73d59be8ed3fde01c7adbed490be0bda1887aa263544078664522cfd820c6bb5107cdb423a21eab66f22207be3f4ebd9bb69dd74c5386808b920cc1af44935be5b1fff79fd32fd3f8011b812ce33500db6eb912b48ce4fcf96c38fe4f2fc87b088d0533af70f1ef8e03ab0387b66732d45cfb49555c241721ab32c38bdc4875d5d85b1e2b372ba666988686103275cbac988ead853b29564aa9ec8f150e2a28ca4a5d4957aa33974675e79f6057b458de8d066fc3c5a6825d55a99d877d1b0b04982917e2f12ad814dbb2353ccb61e8c8f6c06d72f00c3527f1803e6c5692e586e5b97f889efbb3741f9dfba6308a1bd51f9460414bd63069705475e3da35a5c3c9d1b2ad4c324380d76b27264ede28bc522cbcce46093a6481da90ec52f5fba86c80238d83aff6346b2f6ac2447fa936e0f6d87e236037c475f03b9c2a8cb8badc08d4ac9d29763375566826cb585a4e4f5386168d461bcdac298671c916d2c1f156bc6a110287a85e731b3ebfe95e6eb7974e67825515a3b5b16acbcf9dd07efd8660196f2d0a4b955abae966ec8ae56570e606a097f74f7ff8fea456c89aa0b614ddd92dd62a46695f2138a3caaebb2bb317c4a333f5c688bed847ddb166d068e13b200c2b0e5e46f30dc82b351556697af98a69b9100cee9771e121617bd57f0dbe76e1a050adc9c1cc308b5c0fdbed365e5fcedba8195a0c0a5e9552ddf45b161831700390fe961ed850f0324d356a1790054e5f2359aa150f6aa51ad8f88366c12b342150c8140eb27917c2ae76d1111d6d246b324b56d86c4b77d70c9e60f92c669d6451c399409ae2020d438b6f69d9762fb95f2ea710b80f3c38d966e1472f0bc6c614253def55cc54c528eeda15cd547430cd9d3a0d6077412383f59ce5e78f0490b2beb688169b9ad52bca6f6b38eed74bf5240846b5a6899625395ead9635b308899cbc5b91598e8d9a0d5d134504d164471c40bc4f4adfcb3d751be7a8c30d9b387bb4d26cab91b74d5ea9943c3dad8f8ded7bb6996fe87a2b5549e12946469440c3723ca3540c4104179cb09b44f09863ac53ae4529bab7942a38a71ce48be5563efc6eb2ada256f1f661dc81cecb784e4533b4acf763a968eba0a44d9d111118741cef683a826b1125a5dd172737ca27385e112211a5831aefe5708a98c6cfb9a59d335cde12210fa3250f9c3c7f622d8a44547f2a39f2064fa895a39ad6704f81d7a58a5bfa1e9c0774790e000015b34944415455d3ced4cb355b00d8060495220bfa565270f608437fb11814f24db32749154486840481c473b8322acd81518a85703241ae15255272e9774883bf173c329626713aa9c384d07894c5f27ba9e4d6ce1c45370a10b6e46d3759d3916178d5125e319c762a3a8334f2a0169a44660c175b0c1de2b56b0e2739b6e545db810c1528bf1c2ea0a569e32fa195088851b6a5d191a0328d01d441810b097983f65e042eefb53bd0c7aaa78542a156b40bfbd553375f4b827111b5e6d869cae439c5b4108deb143ad61bd795c5749c1804218fa6523215f03a205c19b5ca8b33ff83d71ca1583bab1bdfe14e5cdc1cde839a7403e35bf066a841365cd3c655e3a7a7a5fdfdd7f592210b76a97e7a668982a981a100d376ee73a4438b691d87ae125c8ddc8cf74808ae7b9d80cb8a85e6ff8881d08e2d397628f4f93aaeeaeae3f5a7df905bf046a8cb007b2c93ade455af54fe110666bd5e3dd595562195296561042a3a68c12e0d07bc5e8ae3d188d3f2e2ae178de0ef3eefafc06db97f3e0ccd129f83d60d89c571f712be035da8f1b2133bf11d7c0bde087515a3aedba98267ea6eb5d02c9d966afbfb484955b47af9403510c8b942f7a00e2dfe0b8953c0a7d6334582ba2b194b0292f538e92ca3910997b1b8b844ee004f50fbd706a8a7500e672ade0c3581ed2a6729d9aca45cc7abb70ab5d3d38a95474a3653fa2e8fc04cb6eb1b69b216008cc6bf3cdd8960a961b5c2ebad8f5e7281ca16b0cac651f824a81d0e4fdc98929f4f823b70a84e07a8617860d42a1e047b6fceebb172b169654dc7aa952022f02af669d2b63456a9b85eca6128c954ba51c724a19195fd0d4afef583bbff2c770c249e688a913a5a32c3a06941c611df81f1af3ba8f1689c524954fee2f99bc835301bbb77fb6e4a8700a0e8aa52f6209badee23539325a9982c817baddbd83725ae521af743d072bee13bab92f53a14fa6f03bf697bddb8b8301e5445e186273f9f84efc0a73e6af239821a47fa87876f80da4d2521de05e358aae51b96c8363cc4a39342eb74df516cc4ca66aaec3564c750789c38a203d4b46406f34e4aedaf8b378fbfcbe522520f6a5239c2601f2fc8822964750c357064a419823a589ae30d506770980eb89bf96c5667c3ad8a022630e5ee974f948a0d7164abd974539e456acb08ea187e21f23e6a36fe579274082d4402e1f651934c82c44b34464dea3ce3eb709ceacff804a8197f1587d56b07c010c1244146f6cbcd66ad62566c59ce3a61a4cbba57aea614cbca5a028cb862a6ee4791547ae7790e8395da2334f26f7ff9f3d4d4a79fceaa6d373b36b513a1445c8a49cad0d49d2952b3cdc5a6a6963b1272632a812002a2d0b3a9a99bd78eda353bef33dbabefa72c64bbaa925714433251b154dd6f18b6adb34ed391bd9ae497d072925fa34bb5953807fe20ce97517e913143a684249c65ef9f21c2e5ca6d1f91228e2fd6813c2f5d7b21b083ac51c229916ac93b2d374deb75f3a4610ba0b84441af9c5653203534ab369d68a1a6484469b51dd32e25ce8b4cbb15846249331b684bbebba00b57c172cc790ac51fbcbe534eb74b4147c79d2978fb63e502448c9e57af968acdd7493babc0fda5454ed06b5570bbc3120d63b451a8897e05177d81702ad367218db0b3081cc4cf6460fc051a28bf406ae02769ff6962edaee2515197dc8342b9ea7ae57ac64da592f542c63bad380ca9769134a508c2e3b0146b40809357c1e049d2f9775f8cd4b1b2830108770a7c2f7fb69d0b8a430736e0129df306a8ddd2ebfce958b550ae57322923e5d95eadd9c26572e0d4493a124105ee37a2ac50310ef2a600b0716a9b3491013f95701f02d20902370a504b41976d10d9f7a066ce2fe33c01d7fb2cbacb69ffc7929ba9564b99b1b25bae67cf2ad6999515f03caea62108ba64bb594fd6cd6823d5c818613ca3e4e3c664da28ccf6c2c6bf902ed08276de2e3298c9fdd7700e7f042aba5e29b50f83b15a3eb5416be4b36625ab41d488715b1ab8aa76d32b27ebbb59cd29382ccd61dc34aef4a398b0d4e30eb64108e00020531880ef32e4e7f847406d6a9ae156206a04d39e74f7c1d92eb4f2154dd4450e622e5cdc695a5ef5b454aad7343b85c27234cc81c8d23ebf6946947a6e3df92da71cad1bf540760f1cd564fb08a8b3ba2639588d94ab2d188fd5b17a36ef1e809faa2149107095242f0a27d594554f96dc66269fcad76c03cf6187d93049e260fbd7476cb1a26bd762f575519b86a3f326d89972b564e66dbb7eeae50d3d5bb10d5dc13da4e0fa7394eca5cecce2fe69c56d29bae31876365fb1ec5d470a47f134a2d82f0d10268b83508d847c14d48e90b525a5581edb4f8eb9baa55b859a9d2f0a20d3954a43c113fda0bb68d3762ad9d7e5fd54132741702dbc563b4956b20779470097d024a39269ab0686b5ac2bc57ab82a1c01b5a6611f497181d963d55d134b71ca4a59e04149c8ca562c000eb0650ba2440762b4d3a62b73b8b456c64f56312dc73e2b7cef289aa1b37ef732b19d8279ddc1d88d7a04db6e44f58665587609c3de37b5aca3350cd07a1ac22a1b99b6e108a039345c7da6d876e1b4fc8322e91006c89e9d45baa540649c716b9661e2fa78464258858b085d10f6a1ccbd70d808a8ab4588bcce74d16a8e8170d734dd408ca0e902aec09740fd29c8ce1aa60e51016e2fe0a2cec1693965b84a382adbc8e4d4c2895270e42278b3169e44170c334c8b227d71888ecaf591fca8168ec4f39626281e84ebd596a5690c4f422909577149c03645d12cc3d0c3a43204c2806ab5d5ca1b29dc8225f08d66c3c84b6c54ff3eb30b439361e17279526d7e5d62d936a7af3691d11ad86f04de7f5806cb3e76aa899ae4cf7d71a4dc1d8414585e4108948a400a3ca38dfd6ac3d2916680a271f4132f6ae46570119d664a866f153588cee1c3c1edbe5a2e28dc12405a0328bfd7eb4acc40ca992a69a66299103666c6c62000e3fd3620bfb90367adc1da55f4a8802c431160231b75ab45186eac2002f46ccd83f80cd40ad22a0527cc2389dca94e3aaa7de707c2a7383132b9f76c796a6a6a2371b494c30f53ed388a979028eac0441d652128af806d1c4b29be778f09fe829184df61356f327458075d01a0e868b1ece9610e3e4cb33c027fd006e563ea15af644409bb44df6deaef7fef5e9702ef9572ab9d65dbfcd9e18998328a0b05eebbae4b3aafdb0859ae0b23b26e12f9f0dbd771479b8855b68c13f18ce058b8a48162b5d2be025118160649336411c4088ecb26cb0d2c458c1e4c0b0f2718d9e2e472e822addc50b9aba71470e20be93c6bdbd8e2d571decf224bfc80abefb7fa62dc98efb8db8a66ed8205039395dd92c3420c831b6e584af0bd404e2f1e38b8a79bb374bf0f38a0ce10eb60a6f8d8ce00cc98166e8c90d0c6a5b412d1cc67b65d49114d223122f25753225fc790461412455172d1023f24ccc9c5cc892ce2f00187da3a1124461434c534c3b8cc82e942edfbfc5da8294e7d360433a69df49562c2f108a7d4c14b42bc20803f0db8f76dbdab15a6b32a00f01fa4836535afa8d0ac5e8231806bb0195accdaa64e6e8f020ac752c8d4531fea205c21a0f9d8ca25a0431796061f40bc953575aca375ecf384b50a787ed5963ca8f434b81256312a9640a4248a88c7da686aa23f18f01308f34a602cdaed9f7d4d8c41ff6f686eeb7e0fd607b743a1fb77c8cb0985ba4c95d0bc996f4822b1c70ad27459d07503c28426ae00251d8d30eecfc5d2ff43b1a2693704b9562e12a541455b0589f6e7d0195ace5a4287b5035a2ff960c9f407db6bb7438f37e1dfe3adb5d06668f3c17668ed8e8f3a74e9533359a4674d9c4700d1d635dd2e340f2a8691f79263d57a6bd772744532b5e041cb5d8106c8335fa9a0b3e34c5d61f1cc6db4d02edd07cba46585be46d16ea6b5410301eacd7b771ede99bb77fbceedcd7b5bb7efde7e3817ec4b5c32264d0d5c3e81d14c9193ccac5d29364c1d17b8eb1e9e516f1e9c9d1d803b8a6b8671e76c8fdd1234d3736437b98bd352a05b82f92df06df536af0759e7eed6e8fb2012f71e6edf9abbfb60fbf6d6adaddbdb0feede69ef9c10874efb0168f0aa4545277ea9a92bd8dd03154ecb6eb90451704bd315a792cfe36a67baef79d4a0b51b5cf4a48ad94d2b5ec3efe89078bc7e40909a192098b92e4106c1083d5a03e9be7b6ff3d1bdbb9b6b1fddbbfda8b3777ae8b2aae038594890c0c0544837958eb046c10d784aab5a2a25ab65d7d2f8b0009ad86d208eed16131a351b9c28b7aae59328c3d9677e61056e3af4c172e70bea9d13dab85c7b7453ba6b38f79cc4d44dbd514cb9e009199a6300591834583a4e6e95ebb84ea75433459965e53fe46b8593ee866fb6e86a02c70bb56ab925d3fa59506c8323f79e8ee66eeaaae7bb9a66d1103562e45dcf6b81e10029c8838863c58d2d2af6f7a28d522a55ca807c9fd67419544ad472bd22c28b246158343a43586788bafb63b9ae44f316a9198298e0128b1cef593ce071e8e140b8db8f0319e1063f56ba546f7a9e07bcb61cbc4e09cde916792223f17240239fda158f084ac1755856d2959354611791759374c3248c17ecbc6594cbc54a16cff5e385968683e6db4b076cdddf9c9b7ffc64ebe19dadd0fd79106e10f0fba1b947a1b5fba1ad3bf702d44f87b4d6674ac9522195cfba1068c1fdc4ddf4450feb1cd20740476bc9969e2a7b8566a6e0b945d3820040ad25715ba16d4b81b4c81593779af5521d2e5cf1fb9287b2bacdcd5b738fef3cd97ab2756beede9ded5b5b4fe643a1276bdb779f3c9e7bb8766bed4980daafeebb28259699cf5a15b7542f544c89c549250a626e81ac17824932bd9a6c69786a0ff7cbd4e1a6e882a8db7927dc2e756398a8a6d16afebb52d3cd1bd665ad3fe752fd3074f7eeadcd5bf0f7deddbb739bb86ef156e8dedcdcfcc3ed39d8de46bde19bc87ed8a605d65700d7299539add90e9e7be3f1c4795b53d0486ea51025981011e72ba4a4bc992a3a8276802f926de74be15366b6a2c8973d47160875dce9b5d083bb73a1fb201c6b2150d1f364d3e3db73f0e6a3f9db6d4bd32e89ef1fd796537158296b0abce655eb9e4e1aa5f8ae965c9a8a9e782a5ec34900cfdf36b280bc9469d68c7cded1b573c74a905305f90a572d783eca75688f1fa48c90146dedcab89814458b5557c3c5c6e0feb57946feb0108993001cf7a38b9a6e66530785663353ae69a059c001074b2899c8aae4afa8d8bb96daf369591c64ae925e71d78258970deba6a4146a7c183710e8601fc90c850f9e569adfcbbe73c470c8d895f1120010fa24334dafd5d015439674cdd465cbd02f6d5252daeb5c6f3fea02b676f7fcf5dc7c1fea8581cb8aa4bc64399369e182151d42eea6a55bb685b5368e033a8242ab85565b0b932c1e8e851bb59261d40a9982db2c35bd82c631ac92b5e44b6a86d4b6577dfbce7c686b0ed4df63b0e56bdbf7438fe61e3f00190f7df4782bb4f51846e7ed36ecd8a013295af10cbe3965db86a9eda65a6708e02324215361a8f3c5146804fe4afb91f5c47f8558bd58cd6a82683a48771ac8af30942b973d2db7a3f7b6efdedaba75fbf62df094eede03b5717f7efbf66d507ba1db6ba0496e6f7f748e7a7ad05841e0869a07352f5f6816bc967b9a52d82807aa1b8782e052706dced19a69f53eaa9b560a9e4e83abebee8683192d0a674b8ca10ff43e1f8cdb5bf7e66fcd6d61c3b8767bedeedcdcadbbdbb71fdfdb0cdd9e7f32ff70f3eef65cc7f31b585e74e09e485a1e4226d36a189554a9ec1da48a9586a3c861b27255479748a60cbe95d046c48635ac9a191c49eadd457b2c441543ea51cf7dd4f94dd078b737712dfae3db5b8fb6b6e6ee3c7af4780d783dbf76777efef6d6e6edb6c61eb8c6bb5e6c56f22999676430d352c5b5116ad8bba903a07cb181d86061447c5790042e2def77a688a0bf111bf40af4f196d680dd83ee6bdff23d83e8d666ff96678316dfda5544d906df3f956f156b6e4d6179863457c99262166b07f9ac61590d07241daf9aa3582aa0b56cd8688a6cd0ed729104c57464fae29e0eea0bd0faa87bff40d47937d538d3a282d6a8795ed36dc89c3fbbc990f6d1a8809bef2a95cad981eb1d9c556c1b2f2281fdacf6c81c54e5cb5072f66080ea6e4bc8d6bdc10003faa8c7119c18841ae150b166ea2213350d643477cf93463e02d0150c2fc8b28c1f4fed97c7895d3231641d91300e862fa026751573f71f3cbcfb28347717ccf8a3ad27a0b9e7e640676fcd87e61f4394fee8a3278fee81629cbb0f916fa8fb41075de43abae7d986669a8669d95eb5d6871aab38bc6648373846d184b6000c713b385aa9e8178404075fe0eacddf7af4706d7beef6bdd0c3cd5b0f0035f87c6bdbdb8f6e815c3f7af8d1ad07e0f6ddddbe358faf287463d008a9355b5eddc4691cbc168b631be1119ed448e30aae00ded083a27d6db04091f55008fcd235d06ef3db776edfbbff2474eba3d0fd7bf71e81ebb739761f50cf831bf8e061e8e19ded3b9b445026070d1da151f13c0bf7279948123951e80486f4f0e79473b49e1da149e0c2b5a365ccebb5cd351c0adc01ef1ff4df7ce8f1dcdae347a147a12758a64176e6d7b6e01d880d31fb032dba6269451737f943a888ab233aa2403bd6256d00b47ea05f89fa02f133a1e1b43d3768ebd4c0640ea367ddbc204908372241f814dc0f9a41e6658f5f60d84676a495587ba87795b8c717315edc347030827e8b665c81a33a2327c832897c7880c6edfee0e52de8833fa376c7ba2026fd7467eb419bf3c1050c7ea219e8d642c1bed0bf7fd52ae96f487c90ff0537e4fe9d479b73db73db8fb7ee82af77fff1fdc7f373771f6d3eb9f3d1ddf9cdbb6b811fb23224dca5d141c5ae753b6a57699037a7ce93d01e6e6ddedadc9e078d7167edc91dd0780fef3cb97bffc947db0fee3d7872f7d67c3b461ff61836266c18babc6bbfa7956d82356fefdd79742fb43d7f6f737b0e6274d0786b63f36310ee6e3fd85ebb7767ee3c4e880f6ea0e0d099a2e9d15d7790e3f0f62978f4e6e3fb0f1e841e3c86ff9b9b8fef63f97e40fe7d147ab016babff5b86de78f86a456e4ac1d16758675f28d37185ed727f1b2998d7e5a1fb63ea266c858df5161d56bb0ef63799b78ff7a9b97d0d00e4d43121051d2b45c6c29ef81dd6d777561e1cf0b879fce4ecd2e840e176637d60f0f57e0e7d3d0ec216cf70f199ec036ed4ad00ac7b14e6a7794254c7e26050672f6c6e1eceace37e3330ba1d5d96f767ef3ecb3891baf66665f6dbc5a5d7d458ed819be7e26763d3bafe5a2ebbca36ea22e52c862109fad6eacee2d7f36fbcdc2c6eae79fad7cf3ecb357b34b3b9f3f4bbc7a95f81a1f70387ca9d2be6024aab7520afdaeb50979d8ddc2e2e1c2e2c2c2c2a70b0b202da1c70b87202a8787a12978832564bdff11ca3da07b45829677f39af0aec504f53d6b6d00ad0c5bca9690d4bf5e0dc4d8a6fe8e573aa4c5d52b40cf5ebe26aca05d7005695ad4ccb7d7633b90f8d8fa65a0f7ae984967062dd944d3baf5d6ba550713a70ef7b5972f3c2a6f44a2055d13dfed4a707c7cb0995c8efd8c86535a10d1bbc5cdf191bda93ec8873369e98a24f81544fb152d6f09e380f39387154e4fb4eb44a6127b69c48f50d2721511dcef765c72bca8e00721aa88acf8fb76be8cf12b71de2d5dab136244220f5ff8d511c35c48c77ca00ff4813ed007fa40ffb0f4ff01303c342a58792ec10000000049454e44ae426082, 'image/png', 'file', 'Gone girl.png', 14260, 3);

